ts_utc,mode,google_object_id,object_type,status,error
2026-03-07T03:08:39.213775+00:00,dry_run,1-74HP1W8UcPzkd4cpiHb6OdY01W1mkq3,file,planned,
2026-03-07T03:08:39.213775+00:00,dry_run,1-7T9aU0AtAYAp9LtAwJR4FwXnoTjLBrs,file,planned,
2026-03-07T03:08:39.213775+00:00,dry_run,1-DCHKsSuXiPdcjXL-uuTCcZrunZBYpQ7,file,planned,
2026-03-07T03:08:39.213775+00:00,dry_run,1-TKlDLBHPa8I2qVyS5DIOVHqGcSqMPh4,file,planned,
2026-03-07T03:08:39.213775+00:00,dry_run,1-Zy-kUOmpVM57IyAYavqdoLteQBmPJFJ,file,planned,
2026-03-07T03:08:39.213775+00:00,dry_run,1-ildKTl5EbAiOdhRFZEi7jO-jJQEVBFz,file,planned,
2026-03-07T03:08:39.213775+00:00,dry_run,1-ja3xLb94s4z2iyXqX_ADulDftuKQ4Fj,file,planned,
2026-03-07T03:08:39.213775+00:00,dry_run,1-njrPgZcZlzt0Sc3Wagp8Z60nuSnpSy2,file,planned,
2026-03-07T03:08:39.213775+00:00,dry_run,1-oN15JR0NyXHbC-beikFAiIQL95luU-u,file,planned,
2026-03-07T03:08:39.213775+00:00,dry_run,1-szyzh-g4U_oCvBLkOJIqQ1yklaSpqUt,file,planned,
2026-03-07T03:08:39.213775+00:00,dry_run,107szxlCPuz9-f8mvOEmmAMPckyPowmLe,file,planned,
2026-03-07T03:08:39.213775+00:00,dry_run,10F8YUGcxMLCB9k93sK8Q_7JM8gTcZU18,file,planned,
2026-03-07T03:08:39.213775+00:00,dry_run,10Hj_rlOLWgjyz5_n1wS5OQGtujZE257o,file,planned,
2026-03-07T03:08:39.213775+00:00,dry_run,10SDNLxINerpIfD7YM8Pu6lwTf9ywzXEL,file,planned,
2026-03-07T03:08:39.213775+00:00,dry_run,10SPbXhY_UIwKNsrlSsBGwwz2ooelfm-p,file,planned,
2026-03-07T03:08:39.213775+00:00,dry_run,10TH8_yn3e8yHqwY0ELEenj7qn5c9LPQG,file,planned,
2026-03-07T03:08:39.213775+00:00,dry_run,10XYWvycPTFdjlKLK3NS3y2b8avIHcLIr,file,planned,
2026-03-07T03:08:39.213775+00:00,dry_run,10ZQksTjt7FmmnJ3wFLlZdC5xUURDu7Zw,file,planned,
2026-03-07T03:08:39.213775+00:00,dry_run,10cHZX838D6SRJwes7ajD1dusLD5C2HaU,file,planned,
2026-03-07T03:08:39.213775+00:00,dry_run,10cORVmXJTDvhhPD-SivmDdlylHjWDlK4,file,planned,
2026-03-07T03:08:39.213775+00:00,dry_run,10qUa6NYLnkZabMIH7X1jqH-D3tm1yZNa,file,planned,
2026-03-07T03:08:39.213775+00:00,dry_run,10qdDXiSlN9T9CiTKNP2i5fekd6Cm8GN1,file,planned,
2026-03-07T03:08:39.213775+00:00,dry_run,111io1GkC5v_7tnGdsbV3QQjjPzBF3YIJ,file,planned,
2026-03-07T03:08:39.213775+00:00,dry_run,1129SEMj9PkVMuABt6WSB5OXEZDeo4iy4,file,planned,
2026-03-07T03:08:39.213775+00:00,dry_run,115m4L1r6H7zJKYDz30TKa9dJZq_b3Afp,file,planned,
2026-03-07T03:08:39.213775+00:00,dry_run,119jYwp9kB5H9qJov968kZF-iHqNbWuxN,file,planned,
2026-03-07T03:08:39.213775+00:00,dry_run,11CZ_2h3qp9IDbfk2eqcJT5enp2Z1YFSH,file,planned,
2026-03-07T03:08:39.213775+00:00,dry_run,11DvUWrnMMuDrLs4PzGHyG98wsfBU8kbj,file,planned,
2026-03-07T03:08:39.213775+00:00,dry_run,11VtNzzK1fB3tSvzKvpEFIulG7Be4drix,file,planned,
2026-03-07T03:08:39.213775+00:00,dry_run,11Y0MHkmKQ2SmdWZ6YPG0eSm73MQp247G,file,planned,
2026-03-07T03:08:39.213775+00:00,dry_run,11hFfb8A8MaUvXIhcDPIqgYcHxuZ5G8nM,file,planned,
2026-03-07T03:08:39.213775+00:00,dry_run,11igp6Gcng-FxLemqkbiWEpW1spatlPaf,file,planned,
2026-03-07T03:08:39.213775+00:00,dry_run,11nczCMzgMlAXjgxQ8rfbxVvHzLvEaeBt,file,planned,
2026-03-07T03:08:39.213775+00:00,dry_run,11qc37lrt6naPhWNiOqriD4eXyTuYQwVH,file,planned,
2026-03-07T03:08:39.213775+00:00,dry_run,11uRnHoeaurlqUS_cOrUlYDEPGJ8wHuSw,file,planned,
2026-03-07T03:08:39.213775+00:00,dry_run,1236C63acToNdKR4ME1z0EvQJGhOTpUwt,file,planned,
2026-03-07T03:08:39.213775+00:00,dry_run,12MiFfQj6UfT36r_2m2zVYnVbDrG4sNt7,file,planned,
2026-03-07T03:08:39.213775+00:00,dry_run,12NbZPkms27RD98aamBp6oauAR90KfTSr,file,planned,
2026-03-07T03:08:39.213775+00:00,dry_run,12T5rbNiakScVWd2bm26vZAxVWXRhNyjT,file,planned,
2026-03-07T03:08:39.213775+00:00,dry_run,12VstBc3f9EtXxFU4uCPWBxSOSgc4VVb1,file,planned,
2026-03-07T03:08:39.213775+00:00,dry_run,12X8VPNRy5XmyIGBWNN29s2wDjWAL2C-E,file,planned,
2026-03-07T03:08:39.213775+00:00,dry_run,12acRlzV9eq5btNwsN7KeoOIYnmK1wEVW,file,planned,
2026-03-07T03:08:39.213775+00:00,dry_run,12jiLQXhJDSX1xBAtXCfQQHLXDyVDuyY-,file,planned,
2026-03-07T03:08:39.213775+00:00,dry_run,12m2VCa6qT_SMv0Ix4Bz87a-MJ1qXAniz,file,planned,
2026-03-07T03:08:39.213775+00:00,dry_run,12omO1yMi5pvijmf2F5N6vTXqz1o1jIoD,file,planned,
2026-03-07T03:08:39.213775+00:00,dry_run,12wC2RkUFimLbkchrOtAeeAzi87baIeUv,file,planned,
2026-03-07T03:08:39.213775+00:00,dry_run,134LtonrM1VyTpez_47cSLZ-Ye42KMvhV,file,planned,
2026-03-07T03:08:39.213775+00:00,dry_run,13CKyGHiWwaFr635kQ7S8g9D15AZqj4D4,file,planned,
2026-03-07T03:08:39.213775+00:00,dry_run,13DpPrxrlP6YtJGDiFG9ysrYlM3PD0Waq,file,planned,
2026-03-07T03:08:39.213775+00:00,dry_run,13LDChz0GRheiw88v_yz_M_erdVVNsM2s,file,planned,
2026-03-07T03:08:39.213775+00:00,dry_run,13N2WGtfxZjVhS3ygYcp9eiVRzWqVKwhD,file,planned,
2026-03-07T03:08:39.213775+00:00,dry_run,13aKveXb9wphlvNCV3jKWnxX-YsiDO-zX,file,planned,
2026-03-07T03:08:39.213775+00:00,dry_run,13dBXDFv3fOe52U7lPjJhwgpClXCuOYA6,file,planned,
2026-03-07T03:08:39.213775+00:00,dry_run,13fLNWZkhZFnVqv_LM-gSUSZqJC_t8sZA,file,planned,
2026-03-07T03:08:39.213775+00:00,dry_run,141oYfoQOG3gHraRzs-v3RfF4yG8DCfcw,file,planned,
2026-03-07T03:08:39.213775+00:00,dry_run,144dTiccxOBAkZrImxysSd6xbD-4_9a7V,file,planned,
2026-03-07T03:08:39.213775+00:00,dry_run,146EoAB-nwtMOaBMyc_dSYZSPwNkhZd-6,file,planned,
2026-03-07T03:08:39.213775+00:00,dry_run,14B7z5Z73DEaEcVoQOuHTr0VHyc30xQO9,file,planned,
2026-03-07T03:08:39.213775+00:00,dry_run,14JpBCzMTwpiCqv8QXpoVZA3gh0kwfDaD,file,planned,
2026-03-07T03:08:39.213775+00:00,dry_run,14bgc7MGLIyDelUo1H6AQpHHJS-gnYQqu,file,planned,
2026-03-07T03:08:39.213775+00:00,dry_run,14ngDJQ4jlFVH92J53uMJB85p1bN0Al0a,file,planned,
2026-03-07T03:08:39.213775+00:00,dry_run,14qX4b0XoFwtVauoXadTpI40EOpx159fq,file,planned,
2026-03-07T03:08:39.213775+00:00,dry_run,14uNpdW08_qnQDfs7nni2Uu_KtzhF67p2,file,planned,
2026-03-07T03:08:39.213775+00:00,dry_run,14uUqNgxYMcR84YvlFEvkCHRlz10O-GTY,file,planned,
2026-03-07T03:08:39.213775+00:00,dry_run,15-X6Ig-w1vzJWIIROFb42MN-V2RD4NUN,file,planned,
2026-03-07T03:08:39.213775+00:00,dry_run,15-ZM7T4EFWS9iRbO4Lxk9C4acOK6aglK,file,planned,
2026-03-07T03:08:39.213775+00:00,dry_run,156CLhqArUqsnusierGHKMjasy6M4e1Tx,file,planned,
2026-03-07T03:08:39.213775+00:00,dry_run,157Nfp_WA96-qfBXb-vUDG-nXd9nFZIkz,file,planned,
2026-03-07T03:08:39.213775+00:00,dry_run,15FwQKWQiozxz7HqclfNh2kY-eKFi5UGe,file,planned,
2026-03-07T03:08:39.213775+00:00,dry_run,15Nbg0c28y_8qiib3nspVu1cbCkg6ktKZ,file,planned,
2026-03-07T03:08:39.213775+00:00,dry_run,15OEmothzC7_1ku7tFacBDpPQpnUKWCWJ,file,planned,
2026-03-07T03:08:39.213775+00:00,dry_run,15Q05Rgt3pyQ9uxiD8glFueJ_wMUWQJ8i,file,planned,
2026-03-07T03:08:39.213775+00:00,dry_run,15T9HfKHvdHMoBkKkfFKJWhznsweDdywY,file,planned,
2026-03-07T03:08:39.213775+00:00,dry_run,15Vc1cTT8sJueb-lRZuzfEkMH1RVkeEQw,file,planned,
2026-03-07T03:08:39.213775+00:00,dry_run,15_Dzb3BJgR20SqSTGIYjPBHAJdqj80Rh,file,planned,
2026-03-07T03:08:39.213775+00:00,dry_run,15_vO2kJ4JoLq2brvOZ4KbbFlceJStt5z,file,planned,
2026-03-07T03:08:39.213775+00:00,dry_run,15eN2FT68tTq_Ryj4tTpQH1ivpZC8pELO,file,planned,
2026-03-07T03:08:39.213775+00:00,dry_run,15eQdETLleYxP8IhForoLHpauqBAyqhac,file,planned,
2026-03-07T03:08:39.213775+00:00,dry_run,15iXqv5ZsT7hL4sBmKCN51RYihAMCFtF6,file,planned,
2026-03-07T03:08:39.213775+00:00,dry_run,15mH2n9iBpR9J1I85TOjlkskM8FleSDgy,file,planned,
2026-03-07T03:08:39.213775+00:00,dry_run,15ojpjXwP1yxy4gggdgOwSrtbLAVQPNcA,file,planned,
2026-03-07T03:08:39.213775+00:00,dry_run,15rPDfWuX7-Q9LXPepAPmxLeHB_rdZwkk,file,planned,
2026-03-07T03:08:39.213775+00:00,dry_run,15xA2ALQjyf1GkU56oZFHw8ZYG44TBjhR,file,planned,
2026-03-07T03:08:39.213775+00:00,dry_run,162j5WnB2_KL2o7bm_6dOifg-zL2enHI5,file,planned,
2026-03-07T03:08:39.213775+00:00,dry_run,166EBYzyhnzHXbQ8ASw5pZZv9tiQsyp9t,file,planned,
2026-03-07T03:08:39.213775+00:00,dry_run,16KsVxK9UQYsg8vHEkR_IU-TNkW21w_7F,file,planned,
2026-03-07T03:08:39.213775+00:00,dry_run,16LWJSauzaOcStB3zIlZoHtojK5XIpvg3,file,planned,
2026-03-07T03:08:39.213775+00:00,dry_run,16U-Y1slndBu0WLvVt9GKyk6nUGiZx9_3,file,planned,
2026-03-07T03:08:39.213775+00:00,dry_run,16agZcLf_RiDswMtwy7LahXRFbOcvstko,file,planned,
2026-03-07T03:08:39.213775+00:00,dry_run,16pLGsORhUADGm87zK9PSbp5jDYkagr_l,file,planned,
2026-03-07T03:08:39.213775+00:00,dry_run,175784oZ_1LlF09blNxEPUbPBfgnuFy7m,file,planned,
2026-03-07T03:08:39.213775+00:00,dry_run,17POE-roFQjPJbS8mbVawZD_wIAKEcOXR,file,planned,
2026-03-07T03:08:39.213775+00:00,dry_run,17PS30DM62ANnbm4WvTvK-GsVGIhb3WzL,file,planned,
2026-03-07T03:08:39.213775+00:00,dry_run,17QcQjjfaBkiaXcLk9baqcQuWX42lsG2f,file,planned,
2026-03-07T03:08:39.213775+00:00,dry_run,17jF5e_RZ_CH9h7ZO2Q8XbEWvevBKM4Tu,file,planned,
2026-03-07T03:08:39.213775+00:00,dry_run,182YQNGtrc8rdhXg9lqOtV5P0XKvHdedA,file,planned,
2026-03-07T03:08:39.213775+00:00,dry_run,18EmuQHr_EFhyIPM_X0EiQOltQeZ2Pv2i,file,planned,
2026-03-07T03:08:39.213775+00:00,dry_run,18Hg57zHEVo49UzT2nLoMVIumLh5nwm5D,file,planned,
2026-03-07T03:08:39.213775+00:00,dry_run,18KIbd9B4iAWq1yxBlqiljrivosil0O8l,file,planned,
2026-03-07T03:08:39.213775+00:00,dry_run,18OJabE9vRC0A2QQ6iV6HxJra6fwwSuyj,file,planned,
2026-03-07T03:08:39.213775+00:00,dry_run,18TfRo1xXB8h3VpwqEztdR7obbcHKDOjR,file,planned,
2026-03-07T03:08:39.213775+00:00,dry_run,18asIwuoRSVjf-4JEwd7LbNoonHMmtrtu,file,planned,
2026-03-07T03:08:39.213775+00:00,dry_run,18eGir-_8aQvHQakCJU5Q0QTMDnH62efI,file,planned,
2026-03-07T03:08:39.213775+00:00,dry_run,195M2jdk7KLgCXnpLgbJvI2GCCAJ92ifl,file,planned,
2026-03-07T03:08:39.213775+00:00,dry_run,19IwZCz51QyexgFTj8b_P7HDpS-JqfuRY,file,planned,
2026-03-07T03:08:39.213775+00:00,dry_run,19TIisaZeBtpb_obZzMKcDdPN6ZCPBdJd,file,planned,
2026-03-07T03:08:39.213775+00:00,dry_run,19et4LsMB63dViBeWEHCgPVbeQVwS4m_Z,file,planned,
2026-03-07T03:08:39.213775+00:00,dry_run,19h66Y-dOGPM1CfH3nAG_cpLH0c-hckQs,file,planned,
2026-03-07T03:08:39.213775+00:00,dry_run,19k76lQ3v9-7EahbMuL3Mk7tBGNH6rTVr,file,planned,
2026-03-07T03:08:39.213775+00:00,dry_run,1A1H91G7FZ4tfZ58UklKmZxiV2bycN7gA,file,planned,
2026-03-07T03:08:39.213775+00:00,dry_run,1A7nIpGdXR1KUoOK-niVEOLJ18ZPL-bVk,file,planned,
2026-03-07T03:08:39.213775+00:00,dry_run,1A9BBXl-Oe0oYEXhSu5UtN4z2W2sWIZR9,file,planned,
2026-03-07T03:08:39.213775+00:00,dry_run,1AISka_8vIdOofUxVd-KRyZdBxSQS8g7j,file,planned,
2026-03-07T03:08:39.213775+00:00,dry_run,1AX-xtjb7ZmtqR0cJSxlg-HQDrIB8nLOA,file,planned,
2026-03-07T03:08:39.213775+00:00,dry_run,1AY8vBAkbAUVNBi3psetuPQsRAhZUxE59,file,planned,
2026-03-07T03:08:39.213775+00:00,dry_run,1B94J-IQnHvYP3YcnFkw1KdMUFvFX8mw3,file,planned,
2026-03-07T03:08:39.213775+00:00,dry_run,1BHFCs5V1Af7-y1BqCwPaz8mn1RLY9iq4,file,planned,
2026-03-07T03:08:39.213775+00:00,dry_run,1BK5bVG8V2HiZn-1o5MSyfZFjQtL-dyAU,file,planned,
2026-03-07T03:08:39.213775+00:00,dry_run,1BMDBearFe_-g6CgUTY0traBg0DLhf8gU,file,planned,
2026-03-07T03:08:39.213775+00:00,dry_run,1BQ7y4bensUFS5VaOaknpUwHpzON4uloL,file,planned,
2026-03-07T03:08:39.213775+00:00,dry_run,1BQZ6e7C5Q0h0Gzm2snGGGq7n46g8t21B,file,planned,
2026-03-07T03:08:39.213775+00:00,dry_run,1BTWuLnXHojejZQroF-GchqPz6l0Nm--y,file,planned,
2026-03-07T03:08:39.213775+00:00,dry_run,1BUREd8GnwxS3jgy70lhxttHtAFnI7ndQ,file,planned,
2026-03-07T03:08:39.213775+00:00,dry_run,1BV14FECdc5ZN1U1JlST_lF2KKlo7QAuP,file,planned,
2026-03-07T03:08:39.213775+00:00,dry_run,1BW8ePpFxAxTv7sCIkYYU4JEo_NAgudGZ,file,planned,
2026-03-07T03:08:39.213775+00:00,dry_run,1BbP_-ZPGAnkpZQmeJgG0c8jt57oK0HHx,file,planned,
2026-03-07T03:08:39.213775+00:00,dry_run,1Bb_TJ2YEZNhT6hcGb-LDjJ2jfsR22nu3,file,planned,
2026-03-07T03:08:39.213775+00:00,dry_run,1Bh_jsp9sP3NBAUjwCrjTKO2a2B21FJlT,file,planned,
2026-03-07T03:08:39.213775+00:00,dry_run,1Br5z3yLDKkTWuUHPo9f6TpFQI2h24WLn,file,planned,
2026-03-07T03:08:39.213775+00:00,dry_run,1ByNJS9AmEpIoebKcpN5z1PW6GmDqKnAR,file,planned,
2026-03-07T03:08:39.213775+00:00,dry_run,1BzFJ_9HFgGbRrWjYmasaYEjvSMCEm-9n,file,planned,
2026-03-07T03:08:39.213775+00:00,dry_run,1C4PEt6Bh2TU2KrE3n4IiDG-iYLteOFG8,file,planned,
2026-03-07T03:08:39.213775+00:00,dry_run,1C4QzBmSMa7CqG5G-M6_1EgpLV2y4rH_X,file,planned,
2026-03-07T03:08:39.213775+00:00,dry_run,1C6danwthz2iNsRnNiNi7noYFpgqAvXLP,file,planned,
2026-03-07T03:08:39.213775+00:00,dry_run,1CeZGKHHC1Azl3Bb1RyFP4E__rv6Sxm8C,file,planned,
2026-03-07T03:08:39.213775+00:00,dry_run,1CjAospg4IhlyrZhnRkCLZ6fUFhlWAbch,file,planned,
2026-03-07T03:08:39.213775+00:00,dry_run,1CjlMIbH9vK2wLoRfRO7mVAq1XRd52fZF,file,planned,
2026-03-07T03:08:39.213775+00:00,dry_run,1CrL89-dQCFhoyobgrhx7LZnIABnFPBpX,file,planned,
2026-03-07T03:08:39.213775+00:00,dry_run,1Cvi5WFu0uyszUZ_Uw2RTBlWWAViYQLIr,file,planned,
2026-03-07T03:08:39.213775+00:00,dry_run,1CxJaa3nbURE818NXTSr_OjmE4yBqpVQ9,file,planned,
2026-03-07T03:08:39.213775+00:00,dry_run,1D3fGx3Z2rfHbMfFSX3fu2X5Hc9Cp-CWP,file,planned,
2026-03-07T03:08:39.213775+00:00,dry_run,1D3zQfvyPc_FnwhZ3mheUciTxctdu9ihM,file,planned,
2026-03-07T03:08:39.213775+00:00,dry_run,1DOf0G2wXXa0N1vMSU-dat4Ja2FDJod1T,file,planned,
2026-03-07T03:08:39.213775+00:00,dry_run,1DPUnHkv8cKSTCv7XrPKfwnfCIoV0Qw5i,file,planned,
2026-03-07T03:08:39.213775+00:00,dry_run,1DYcY1M56gyxlwAy0BaolccWOm8eoqJQe,file,planned,
2026-03-07T03:08:39.213775+00:00,dry_run,1DgO_kNTrov_jrqs3ibWpqfv23PjpxSFg,file,planned,
2026-03-07T03:08:39.213775+00:00,dry_run,1DrJGfb37CIltbafM9WCxAXqMHwv0rVVg,file,planned,
2026-03-07T03:08:39.213775+00:00,dry_run,1Dta7w8Ohz5IexGT_uRf0qi1h5xkB0P62,file,planned,
2026-03-07T03:08:39.213775+00:00,dry_run,1E01qjANt_nGrQHW9yb4cNq6Jq1FMCY6V,file,planned,
2026-03-07T03:08:39.213775+00:00,dry_run,1E7Wx3eag5vI40S1jDGI67iqta87MzK5s,file,planned,
2026-03-07T03:08:39.213775+00:00,dry_run,1ECFxTZZ1hwdWV1EegsoXSQ_ATGT4dIA7,file,planned,
2026-03-07T03:08:39.213775+00:00,dry_run,1ECh-XpnS-YbRdytYgKwZzn_-qeUQuoYe,file,planned,
2026-03-07T03:08:39.213775+00:00,dry_run,1ES9K8LXcK1pynKYeIoybb2mzdd37OoGN,file,planned,
2026-03-07T03:08:39.213775+00:00,dry_run,1ETiHODv92TcbUI23vTRVyTbdme2D5Hg6,file,planned,
2026-03-07T03:08:39.213775+00:00,dry_run,1EUkhAgfvSfXBHDSK-5FpEoDALaia-_kZ,file,planned,
2026-03-07T03:08:39.213775+00:00,dry_run,1EWKb0H8c6t43bD_YOcRK-62Tw0z-LDCf,file,planned,
2026-03-07T03:08:39.213775+00:00,dry_run,1E_ADL9D_Yy7E-Heg7GEUt6asYdxfTcUD,file,planned,
2026-03-07T03:08:39.213775+00:00,dry_run,1E_bdcWP-plSD8UuroTIVyZbBBah1olW5,file,planned,
2026-03-07T03:08:39.213775+00:00,dry_run,1EaELC5la2QVZe0TtJG-VYz5w1EUEDOvY,file,planned,
2026-03-07T03:08:39.213775+00:00,dry_run,1EbEPCVmG0JGTGaO2cpia4ZpaD1TPonz1,file,planned,
2026-03-07T03:08:39.213775+00:00,dry_run,1Ecwci735G0xsyDEENbuny9VSIxlRbGzR,file,planned,
2026-03-07T03:08:39.213775+00:00,dry_run,1EzDT8lscwezNQ9j4BiLhjcDOKfz3kUR-,file,planned,
2026-03-07T03:08:39.213775+00:00,dry_run,1F4zy84j01mv7NSOFkDvrt5UA5TRdjo-z,file,planned,
2026-03-07T03:08:39.213775+00:00,dry_run,1F5Sl8Gzpfja93QzpPPTvMki8Tjh5_mI2,file,planned,
2026-03-07T03:08:39.213775+00:00,dry_run,1F7JMTG0FeWNuRxuV7tEnC2y5P-kUn5Aq,file,planned,
2026-03-07T03:08:39.213775+00:00,dry_run,1FKTxSnt3er-IUJEDVrfqjYLO4uvdF4bI,file,planned,
2026-03-07T03:08:39.213775+00:00,dry_run,1FPFnEnQJSgxTQszkyNQeqcV1C-oM7b_o,file,planned,
2026-03-07T03:08:39.213775+00:00,dry_run,1FQKx2QVTMe_BbhekEQHUNe-xY8SQ5Nii,file,planned,
2026-03-07T03:08:39.213775+00:00,dry_run,1FTEIz-gbCuxKm1BIcXsvOxAWKJj1fWqr,file,planned,
2026-03-07T03:08:39.213775+00:00,dry_run,1FW4mvl1jg9YhsTfLhACRxunIOsecvPyk,file,planned,
2026-03-07T03:08:39.213775+00:00,dry_run,1FWPgehAC5iTzKNEtC7rKZUpVLNkQ2ahT,file,planned,
2026-03-07T03:08:39.213775+00:00,dry_run,1FYqHtRcHJ4XoBcjLbojH-S3_qt2w3Pnl,file,planned,
2026-03-07T03:08:39.213775+00:00,dry_run,1FokSVaJKQh-NfTTcePpzHXlaGciC3tLs,file,planned,
2026-03-07T03:08:39.213775+00:00,dry_run,1FuwKcRgsuxatExJcTS95WS1aZD5319QK,file,planned,
2026-03-07T03:08:39.213775+00:00,dry_run,1FxILcwoy4AFOBsSpMuRwvCgAc-s8YGAI,file,planned,
2026-03-07T03:08:39.213775+00:00,dry_run,1FxeSxlF3m4OBEMDg4kkR_sYuF9GClz_i,file,planned,
2026-03-07T03:08:39.213775+00:00,dry_run,1Fy7Xt_GeI7Fexc-EmqDOYBvXALjiQAgV,file,planned,
2026-03-07T03:08:39.213775+00:00,dry_run,1G3GZO4BPbS3qjagY7I6kzQCpWpQxqNvR,file,planned,
2026-03-07T03:08:39.213775+00:00,dry_run,1G6dFW9odjc9oWJ57D6hWvDyne5m4g2GK,file,planned,
2026-03-07T03:08:39.213775+00:00,dry_run,1G9j21vn-Z4sSagm_FCzLtjCO8OHBARZs,file,planned,
2026-03-07T03:08:39.213775+00:00,dry_run,1GAQHaIrTacK2KcNjHFAzvXLWvrDlouu6,file,planned,
2026-03-07T03:08:39.213775+00:00,dry_run,1GPh66uv2iQhsiBJVd4hfV6knRxOJdy-w,file,planned,
2026-03-07T03:08:39.213775+00:00,dry_run,1GcPM9jc2z3zmiJEMrSxphiRk4TxOLNLz,file,planned,
2026-03-07T03:08:39.213775+00:00,dry_run,1GeMbaiyilreNbvDevve6I_OHIR0FPvK5,file,planned,
2026-03-07T03:08:39.213775+00:00,dry_run,1GrB8P8A6TJaqUtSKTv6au5-5cG2WCvhQ,file,planned,
2026-03-07T03:08:39.213775+00:00,dry_run,1Gt2vcD7Qa0G5tsVpF5tRaKe3Aa1-mC4i,file,planned,
2026-03-07T03:08:39.213775+00:00,dry_run,1Gu7VyMXh9ePwzMzE9wSBIZf6JweXe3Iv,file,planned,
2026-03-07T03:08:39.213775+00:00,dry_run,1Gwwv_gDl4rF0g9m42zMuaPo5ehyXXC43,file,planned,
2026-03-07T03:08:39.213775+00:00,dry_run,1H47hCM5BxrMWCDewUQCm9TeQfu6-BAo1,file,planned,
2026-03-07T03:08:39.213775+00:00,dry_run,1H5dpLr8g8xyQ3o8Wmxu8EimfxMcb35TJ,file,planned,
2026-03-07T03:08:39.213775+00:00,dry_run,1HCOQdFZD1f9pCniYoE67hB0a6mxv32Jf,file,planned,
2026-03-07T03:08:39.213775+00:00,dry_run,1HFT4Uf0PX4oIcso1MQx3JXpOn_j9ag5P,file,planned,
2026-03-07T03:08:39.213775+00:00,dry_run,1HOjetYgIK-PGEjLr61tXyqOFh71N23Ei,file,planned,
2026-03-07T03:08:39.213775+00:00,dry_run,1HQq9a9DsOj7xWdQocV3LBBwHS4iw8__5,file,planned,
2026-03-07T03:08:39.213775+00:00,dry_run,1HQrPGaoXfUtaCH9nnDT9hlHT9y7Eq5pI,file,planned,
2026-03-07T03:08:39.213775+00:00,dry_run,1HR7q6FRebRTSq9TEXmkAGZzaSDdwWdEv,file,planned,
2026-03-07T03:08:39.213775+00:00,dry_run,1HeHlwrZll6TZAjudcXGYaAggIyEK7j5d,file,planned,
2026-03-07T03:08:39.213775+00:00,dry_run,1Hsl5wpb2chkI3vSBSGn74XZsxqs-73CZ,file,planned,
2026-03-07T03:08:39.213775+00:00,dry_run,1HzJSarXxr7SMa93VXJEgkVIv9FSgYfJz,file,planned,
2026-03-07T03:08:39.213775+00:00,dry_run,1IBQJ_v4zN1C5zx2m-0xJHKoTC3l_NMrq,file,planned,
2026-03-07T03:08:39.213775+00:00,dry_run,1IBcmKOxqI6guqL3McN_NBreMGuGmLD1z,file,planned,
2026-03-07T03:08:39.213775+00:00,dry_run,1IBivKb7pFavLK6N6nIkxlAoZruV_cLM0,file,planned,
2026-03-07T03:08:39.213775+00:00,dry_run,1IDJUfBK8B-8dOYnI1p7yba1jZkajanSp,file,planned,
2026-03-07T03:08:39.213775+00:00,dry_run,1IHwKfIwuERB9JvRNUyftFetbpLWP1aSI,file,planned,
2026-03-07T03:08:39.213775+00:00,dry_run,1II0bStO0hiqu4dTvrlPJRDnO7wYfCDbE,file,planned,
2026-03-07T03:08:39.213775+00:00,dry_run,1IIeFikmPv7cUMaODU3P9NHYHGu96knF-,file,planned,
2026-03-07T03:08:39.213775+00:00,dry_run,1IKSlLUzH9wCnHn_0qTCgBBlDgJBTtgp-,file,planned,
2026-03-07T03:08:39.213775+00:00,dry_run,1IQY3s-BIHqGQSi0qrQ6LWpKhH6VsFtze,file,planned,
2026-03-07T03:08:39.213775+00:00,dry_run,1IVwJ1LteBgRSGxICavZ5sEO09OqrXnse,file,planned,
2026-03-07T03:08:39.213775+00:00,dry_run,1IaIsjKIsxhJNixFIRDycG-dLJNHfme8P,file,planned,
2026-03-07T03:08:39.213775+00:00,dry_run,1Ic5adwpLAO29XNsjZdOc8PJ9MqzBNAJt,file,planned,
2026-03-07T03:08:39.213775+00:00,dry_run,1Ic9to0KNwBnrtihO3l4-fIqjo-_Wm8ba,file,planned,
2026-03-07T03:08:39.213775+00:00,dry_run,1Ie-4qC7DPmZ8yfrNhd8CG_1NONm8pzn5,file,planned,
2026-03-07T03:08:39.213775+00:00,dry_run,1Iqg-OtUZEXYsu3RQmLfySxu3_kXIvuju,file,planned,
2026-03-07T03:08:39.213775+00:00,dry_run,1Isv4NdPoQmxl-V2xSpm1HkE2U5Maea_N,file,planned,
2026-03-07T03:08:39.213775+00:00,dry_run,1Iv_NA-dZGQBM6L0sBYx9Cr6-RQ8uOavF,file,planned,
2026-03-07T03:08:39.213775+00:00,dry_run,1J06yYWo1sH2AlI0ZCe-aINvBJVQsytYD,file,planned,
2026-03-07T03:08:39.213775+00:00,dry_run,1J0XQInPsyGYlRRxpl91xmk876mZ9NW-z,file,planned,
2026-03-07T03:08:39.213775+00:00,dry_run,1J8VvnERnQ0605zQSM3lVXWw9324FO3iu,file,planned,
2026-03-07T03:08:39.213775+00:00,dry_run,1J9309FvNzRv-2CCR2vtMX8zOcw9zCnH7,file,planned,
2026-03-07T03:08:39.213775+00:00,dry_run,1JHj9sOj5VXX2xWkr0MZkS_XgzuOj7_Kt,file,planned,
2026-03-07T03:08:39.213775+00:00,dry_run,1JJOrFyMZMf7ivN3oqAfCJzvXW-bbbmLf,file,planned,
2026-03-07T03:08:39.213775+00:00,dry_run,1JKrgCiEg2R3L4OVuyzZqhQQ28wzmPq9p,file,planned,
2026-03-07T03:08:39.213775+00:00,dry_run,1JQarnvS_KEt4lTL5lGBBN4CBFlzA_Tqx,file,planned,
2026-03-07T03:08:39.213775+00:00,dry_run,1JRipToNWfybqGfJaWBaNP12qqFvkBrDF,file,planned,
2026-03-07T03:08:39.213775+00:00,dry_run,1JRuzbktApDqTCPyPvW2L-k1ZHOevdAQI,file,planned,
2026-03-07T03:08:39.213775+00:00,dry_run,1JTiJ6p_q9-sjUAZ-tS6ZgFfkNnoACYfJ,file,planned,
2026-03-07T03:08:39.213775+00:00,dry_run,1JUXhPIZpz35jrq_GQn_Glj37uar-79fB,file,planned,
2026-03-07T03:08:39.213775+00:00,dry_run,1JYv22E4-pXMBMtVwJNEzNTuGgz3yaVHj,file,planned,
2026-03-07T03:08:39.213775+00:00,dry_run,1JdzcJW8oqgimGxucy1LNKstsM5NG_o57,file,planned,
2026-03-07T03:08:39.213775+00:00,dry_run,1Je-0wy7TTvoVlDdQgBrqAcolZ8EHmbmB,file,planned,
2026-03-07T03:08:39.213775+00:00,dry_run,1JfvpjynfzP5PckH5g9_9vRTO_ZLlV6a8,file,planned,
2026-03-07T03:08:39.213775+00:00,dry_run,1Jg0L4NWqyYUheLDfSGFlDY6qabT8Y3pc,file,planned,
2026-03-07T03:08:39.213775+00:00,dry_run,1JiuTZLyCiuhcS58B_Z99VL9VIWT38HxG,file,planned,
2026-03-07T03:08:39.213775+00:00,dry_run,1JjUY7XHwG8H3hH38JsMaCtoQOKTiAzZW,file,planned,
2026-03-07T03:08:39.213775+00:00,dry_run,1JlfVzNbNrUn6Mu2ZGKzJz77-9AT3eES8,file,planned,
2026-03-07T03:08:39.213775+00:00,dry_run,1JtmTBSM8rCv0FvoWasu26vL_xJpNVZcz,file,planned,
2026-03-07T03:08:39.213775+00:00,dry_run,1Jw71zfW3NopGwGAhQV4d5qTyEdi6eBmf,file,planned,
2026-03-07T03:08:39.213775+00:00,dry_run,1K-7U56yXevVfqwsqY8IcdkArWjxZD_uC,file,planned,
2026-03-07T03:08:39.213775+00:00,dry_run,1K0ioqgR1FyEQd-IN_QH_UbE6bXUVGrXg,file,planned,
2026-03-07T03:08:39.213775+00:00,dry_run,1K5icOBeV7_TCFY8qYxkI9qTAz2MeTlzZ,file,planned,
2026-03-07T03:08:39.213775+00:00,dry_run,1K7BkCGIoZyY6R4Pi_7rK7yPNvHuRndmq,file,planned,
2026-03-07T03:08:39.213775+00:00,dry_run,1KDZIUpyjRogmSl5VpjoadCsbQkjmVWE5,file,planned,
2026-03-07T03:08:39.213775+00:00,dry_run,1KIFRv6drg3TRYGPhiu5KUMG5MFBvwOw-,file,planned,
2026-03-07T03:08:39.213775+00:00,dry_run,1KIZommYzcL29yoe2jtEX88yAw1sb-Z2Z,file,planned,
2026-03-07T03:08:39.213775+00:00,dry_run,1KJykG1EaGghR0viQyhs3Kkw589PU2-PF,file,planned,
2026-03-07T03:08:39.213775+00:00,dry_run,1KLJxNBUbtxlpZmRq7CMTUC5t1atIR05A,file,planned,
2026-03-07T03:08:39.213775+00:00,dry_run,1KN4TWxTRbSSvfFumaXRf2I04JdSpqzYu,file,planned,
2026-03-07T03:08:39.213775+00:00,dry_run,1KP7NAOhjs8Wlrp4LdvtHwysl-vsfaRew,file,planned,
2026-03-07T03:08:39.213775+00:00,dry_run,1KRKpMvhU9ugdjzZWiRbtkkUW-i0XBxKR,file,planned,
2026-03-07T03:08:39.213775+00:00,dry_run,1KRywdPDHzsAdAlbapAMT1jLUNCwhdSga,file,planned,
2026-03-07T03:08:39.213775+00:00,dry_run,1KUy8pv7RTDKa3B3bnFfvHOAe0KHdKzV2,file,planned,
2026-03-07T03:08:39.213775+00:00,dry_run,1KWuWgiyEErEkyTxCUwwkhaDBbmkBlrQ1,file,planned,
2026-03-07T03:08:39.213775+00:00,dry_run,1KYZkMmT5h64qBmeHLpYl8eu9B5yCA1Dc,file,planned,
2026-03-07T03:08:39.213775+00:00,dry_run,1KcJ41jlUcnYR4XXwnM6OUUaJKJ7Yb7fM,file,planned,
2026-03-07T03:08:39.213775+00:00,dry_run,1KftlTP_guOOtzKZThpnME0Py3llIZfWz,file,planned,
2026-03-07T03:08:39.213775+00:00,dry_run,1KgH7g9AdxsT-i5IJR24bytEZl_IWJljj,file,planned,
2026-03-07T03:08:39.213775+00:00,dry_run,1KhHbnL9iFUOrk5c2MvfeAYlF8h-3Kp-i,file,planned,
2026-03-07T03:08:39.213775+00:00,dry_run,1KirG74w-CpglcE5wRNzTPHyrLcrZBKzv,file,planned,
2026-03-07T03:08:39.213775+00:00,dry_run,1KmNmKabEYHLBoTn15-G59sijSNiYs-Lb,file,planned,
2026-03-07T03:08:39.213775+00:00,dry_run,1KvqZUyStDDyvkg_Zk0YohU2dQEzd5sHI,file,planned,
2026-03-07T03:08:39.213775+00:00,dry_run,1Kw1ibJT2bEHT1KcE-09xLDqJ-tI8j1Hk,file,planned,
2026-03-07T03:08:39.213775+00:00,dry_run,1KyQcV48MjZDOLn0trmk1Ad3k1JXGZo_Z,file,planned,
2026-03-07T03:08:39.213775+00:00,dry_run,1L0lXvxW5qycAs_eaZHZpAwisdoptloG7,file,planned,
2026-03-07T03:08:39.213775+00:00,dry_run,1L2JIPcF5zPm68pOXv-LTM3sjAcoevumP,file,planned,
2026-03-07T03:08:39.213775+00:00,dry_run,1LA1Cdt4wFIx-FIY2CQ6GJxBQgPlBqqVJ,file,planned,
2026-03-07T03:08:39.213775+00:00,dry_run,1LJn0tt3EJY6xEOftPAQs7DIbaWIqqO7H,file,planned,
2026-03-07T03:08:39.213775+00:00,dry_run,1LJqcGDzWWdAI8PYpxChOzDf7MQm_f1Gw,file,planned,
2026-03-07T03:08:39.213775+00:00,dry_run,1LMm-RA2oGlaeU7HolheDSGfTlAIQSE41,file,planned,
2026-03-07T03:08:39.213775+00:00,dry_run,1LUFFKPbTwNbtJyud7ciXMnB79NQN9yeL,file,planned,
2026-03-07T03:08:39.213775+00:00,dry_run,1LYBLJmMplFUcgSl2BtDKJURrMJUrs5Nc,file,planned,
2026-03-07T03:08:39.213775+00:00,dry_run,1Lg04caXALNQ0-CKkMOSJRdyNgD7wzPYd,file,planned,
2026-03-07T03:08:39.213775+00:00,dry_run,1Lh-tMeB5SVNXBPd4WZEx6-_Dc4W0dXDA,file,planned,
2026-03-07T03:08:39.213775+00:00,dry_run,1Lra2MFdr27fAk25XTVaP3K68bzzndYO6,file,planned,
2026-03-07T03:08:39.213775+00:00,dry_run,1LtoVGKH-eOSBvpvQ4sDhHW6Egg44A4b1,file,planned,
2026-03-07T03:08:39.213775+00:00,dry_run,1LyOsQuHPYBDHpeyvOK066SuBKHQfr9PE,file,planned,
2026-03-07T03:08:39.213775+00:00,dry_run,1LyZHpO80upfEJ0F444Aid1sagawTGCzl,file,planned,
2026-03-07T03:08:39.213775+00:00,dry_run,1M08q5HGSdLmi3KGodIisYTfhAeIeRK0x,file,planned,
2026-03-07T03:08:39.213775+00:00,dry_run,1M0sXN8XQ3aQtehE89X6Ix82u3tXJvMBJ,file,planned,
2026-03-07T03:08:39.213775+00:00,dry_run,1M3YrTHeiQLjOH7rqs5XwCumx8FLQObwG,file,planned,
2026-03-07T03:08:39.213775+00:00,dry_run,1M4dlhUDXHt_faaCyKUYm6h2tq1K-so2n,file,planned,
2026-03-07T03:08:39.213775+00:00,dry_run,1M9lmjYvcCG3_c51wIbDJYpKK8AuB1aEd,file,planned,
2026-03-07T03:08:39.213775+00:00,dry_run,1MDbzEzoDthyh6z246gPplwfNtnMiXnE_,file,planned,
2026-03-07T03:08:39.213775+00:00,dry_run,1MEQKRlbEHnBGwLDBccutGjldOjSdP1rj,file,planned,
2026-03-07T03:08:39.213775+00:00,dry_run,1MEpXGKHzkqkJtqs1xUAr_WhdXPnkwyAl,file,planned,
2026-03-07T03:08:39.213775+00:00,dry_run,1MFMpNzIYV3cz2cV_srcWmcM77gWsMgTm,file,planned,
2026-03-07T03:08:39.213775+00:00,dry_run,1MOMucDt5kLZzioGiGdcBeu_9-jGczF4w,file,planned,
2026-03-07T03:08:39.213775+00:00,dry_run,1MSB1x2CAmzJovm-DZ00oOjs4pZA5AQeT,file,planned,
2026-03-07T03:08:39.213775+00:00,dry_run,1MSZQjo62reMEEQ2J9ywrW5aYZ-V7v3Qq,file,planned,
2026-03-07T03:08:39.213775+00:00,dry_run,1MT8JzP5T-K02Y3-kbjazcfm0QG6WeYyI,file,planned,
2026-03-07T03:08:39.213775+00:00,dry_run,1MT9xtDtpX-Do530OHSDVdjmSrIN-qmSX,file,planned,
2026-03-07T03:08:39.213775+00:00,dry_run,1MVVkWgOL-xeO4QebAkdqq94s4Lzdqogd,file,planned,
2026-03-07T03:08:39.213775+00:00,dry_run,1MYA0NTTepZRne52GraA1Ym4ASMGMrZ3d,file,planned,
2026-03-07T03:08:39.213775+00:00,dry_run,1MbUPLxWrGKFmMBarlkeCnxnr7aZocUJ_,file,planned,
2026-03-07T03:08:39.213775+00:00,dry_run,1MboRAhNPgQB5gbKiH8chrGLaclemJLwI,file,planned,
2026-03-07T03:08:39.213775+00:00,dry_run,1MdQdwT8crr4tL4hO3Lr0QmjhENvTSyvy,file,planned,
2026-03-07T03:08:39.213775+00:00,dry_run,1MdmFWs2w9Iqa494CNOiwKpKLFg_7-Zpv,file,planned,
2026-03-07T03:08:39.213775+00:00,dry_run,1MgvE94IUF2bPJYro552rzWvgLOmalMj4,file,planned,
2026-03-07T03:08:39.213775+00:00,dry_run,1MiLFFtJH03GGatSVgVKHR6lnjOjOzgth,file,planned,
2026-03-07T03:08:39.213775+00:00,dry_run,1MlVp7vhLAiOPJdfY6yXU3JXLaG1_-lPg,file,planned,
2026-03-07T03:08:39.213775+00:00,dry_run,1Mlg1bkOki3ZhuZi1mdoMa0H3RfJk0wNI,file,planned,
2026-03-07T03:08:39.213775+00:00,dry_run,1MonZP2UamcwkEx-oGsNpYCgu02F2i2Yl,file,planned,
2026-03-07T03:08:39.213775+00:00,dry_run,1Mr2TteEsAikPJhELa3mqHX2m2GbxvC4L,file,planned,
2026-03-07T03:08:39.213775+00:00,dry_run,1MxXD23-njUcGlvzThWAErm0V4WQAFZsg,file,planned,
2026-03-07T03:08:39.213775+00:00,dry_run,1N1j-NKoba07kocU23GKkVRhS9Kim_pEC,file,planned,
2026-03-07T03:08:39.213775+00:00,dry_run,1N3ZYX2jCEYfp9zwcdL_atawWDnciWy79,file,planned,
2026-03-07T03:08:39.213775+00:00,dry_run,1N6b6AZA-VrT_j-BdtXNlvciRlTWZf-II,file,planned,
2026-03-07T03:08:39.213775+00:00,dry_run,1N8VamblXIjQGSa4xycnD5vfdY4OfFG3j,file,planned,
2026-03-07T03:08:39.213775+00:00,dry_run,1NA9HrqJ3Oge8bRH8nbClUBFeBj-RP_MW,file,planned,
2026-03-07T03:08:39.213775+00:00,dry_run,1NBENnHhNoFMtq1dWJm_LewUlLt19-MdQ,file,planned,
2026-03-07T03:08:39.213775+00:00,dry_run,1NCuD8e4UgiT-ANXS2VaQf9riRsDmMes4,file,planned,
2026-03-07T03:08:39.213775+00:00,dry_run,1NDJHO3-Dl_2SL79xVBIB4yA6lzQ1KmZI,file,planned,
2026-03-07T03:08:39.213775+00:00,dry_run,1NDtfJfEBsJov69AdtAd4wR5wONXAMkZ0,file,planned,
2026-03-07T03:08:39.213775+00:00,dry_run,1NHucLhsnCW2j3rSruYmZ-XIGnHbRD-UJ,file,planned,
2026-03-07T03:08:39.213775+00:00,dry_run,1NJVpDo3pjupHWng5Az-Q3l0A2Ol6up5_,file,planned,
2026-03-07T03:08:39.213775+00:00,dry_run,1NOq2G28TBumaDhmHBL_z8kqpgNkJKmcy,file,planned,
2026-03-07T03:08:39.213775+00:00,dry_run,1NVMhDA8XleJxwodaD3jGd8SgzPLnG3uZ,file,planned,
2026-03-07T03:08:39.213775+00:00,dry_run,1NWeuk6snf119JlUnuj6sMa0cbGgIyj-6,file,planned,
2026-03-07T03:08:39.213775+00:00,dry_run,1NX4ynZ6qZBjVQwtFalMN9Ea6-CmbZ2m_,file,planned,
2026-03-07T03:08:39.213775+00:00,dry_run,1NbKgXDK0Nzlp8u4r68LT-NMFcxxBcwCY,file,planned,
2026-03-07T03:08:39.213775+00:00,dry_run,1NdH6AmaBxdjXcftfb71LhUKOocnvCJRo,file,planned,
2026-03-07T03:08:39.213775+00:00,dry_run,1NlMImye8rWMCBCj9rNu83bMjGrvWABfo,file,planned,
2026-03-07T03:08:39.213775+00:00,dry_run,1NoH-BqHvvJ5oYCS6vZiIJt0MTdhbFb8p,file,planned,
2026-03-07T03:08:39.213775+00:00,dry_run,1Np03y9w5JSLjKoGauSUpAQc29p4W8NRj,file,planned,
2026-03-07T03:08:39.213775+00:00,dry_run,1NtrHxUcJ6X209zBm2G3Q0g1dSRcFQMbl,file,planned,
2026-03-07T03:08:39.213775+00:00,dry_run,1O-j59f3kBSQ9jHBoHZT53EhsG3jxz4fw,file,planned,
2026-03-07T03:08:39.213775+00:00,dry_run,1O0BDXsfZ4sQ6p7rbdxI45La_L9Cmsafd,file,planned,
2026-03-07T03:08:39.213775+00:00,dry_run,1O36lXWNCfpfHcj1d1t2gWOGf92e4EH7t,file,planned,
2026-03-07T03:08:39.213775+00:00,dry_run,1O45LU4ITQ7FGoRdMIU8jfjEAUCgV2BOf,file,planned,
2026-03-07T03:08:39.213775+00:00,dry_run,1O5Nrn8x2jpzE1gVZ3_5csQ6fUDWNLcMs,file,planned,
2026-03-07T03:08:39.213775+00:00,dry_run,1O9LcGlFTCAPZ27uUCM_Z8btscpbifdQh,file,planned,
2026-03-07T03:08:39.213775+00:00,dry_run,1OEdpL_V2XoXlYULe_ZlTTAIZ7lpaOV7m,file,planned,
2026-03-07T03:08:39.213775+00:00,dry_run,1OF90ndgGhLQqLnImhz3OhRVQ3mxDHrQt,file,planned,
2026-03-07T03:08:39.213775+00:00,dry_run,1OHZtNv2apFQMobUiV-LjaJ9xmvj0w2eY,file,planned,
2026-03-07T03:08:39.213775+00:00,dry_run,1OJtAUXbWzdgH-1QPfHh-atNz929T51KY,file,planned,
2026-03-07T03:08:39.213775+00:00,dry_run,1OKFZb7vS2xvGp2yGoT99zu6tWFJSO1um,file,planned,
2026-03-07T03:08:39.213775+00:00,dry_run,1OO-0ILC6A4JWwSfEn6BcJAmE7BJP889R,file,planned,
2026-03-07T03:08:39.213775+00:00,dry_run,1OOmkCZlMuJk7EegzWwyh4I3HZkxoE4Xq,file,planned,
2026-03-07T03:08:39.213775+00:00,dry_run,1ORnZLD8AQqkzWCrfYNWgCKS-FFVwlbms,file,planned,
2026-03-07T03:08:39.213775+00:00,dry_run,1O_I-bzLs3pGYujoFbyJU7gom4ZCH_VV2,file,planned,
2026-03-07T03:08:39.213775+00:00,dry_run,1OaSQ-VsJBfxF2nQqBUkqYBV4B-3hGOn6,file,planned,
2026-03-07T03:08:39.213775+00:00,dry_run,1OpIRjj0Bv4rAuRbI6ZFj45Ohrm4NVCTZ,file,planned,
2026-03-07T03:08:39.213775+00:00,dry_run,1P-xMZHkQmwyKhz7SqthXo0wizCbGT_24,file,planned,
2026-03-07T03:08:39.213775+00:00,dry_run,1P0TZn3Hz9Q7Jm_pH-xaO5dBhZ1NDDfBZ,file,planned,
2026-03-07T03:08:39.213775+00:00,dry_run,1PFWAGH8TjCp3GyszIeWjyrDP_LqJGrUx,file,planned,
2026-03-07T03:08:39.213775+00:00,dry_run,1PFoqDnhb9zaKyTLS1a4lJk0rliQpyA6y,file,planned,
2026-03-07T03:08:39.213775+00:00,dry_run,1PKAYtOuUQQo_Nq4lMpue1jBrPnWYHx6a,file,planned,
2026-03-07T03:08:39.213775+00:00,dry_run,1PMao23GrZUr1nFwcu84yxIjiQ2Vc1xOW,file,planned,
2026-03-07T03:08:39.213775+00:00,dry_run,1PNnmdc8NBdaPGCaJjivm_nyGzUZImrh1,file,planned,
2026-03-07T03:08:39.213775+00:00,dry_run,1PRZD76aTwGagYI1EJvAR9BphPZnSgEji,file,planned,
2026-03-07T03:08:39.213775+00:00,dry_run,1PTHtr4qKnXF_VsH115mW9Un7wCz1Xfoh,file,planned,
2026-03-07T03:08:39.213775+00:00,dry_run,1PYbIFyZfNIcmXGvdL447dVPYz7qBlivs,file,planned,
2026-03-07T03:08:39.213775+00:00,dry_run,1P_WJDpdLeZOYKLO6hmiPns034eywtvQW,file,planned,
2026-03-07T03:08:39.213775+00:00,dry_run,1PbP-rECom3jVQdTps72-gOogAYJGGHE0,file,planned,
2026-03-07T03:08:39.213775+00:00,dry_run,1PfeHOOOBuJh9q51bDMGDhX3pDrp1gbFi,file,planned,
2026-03-07T03:08:39.213775+00:00,dry_run,1PlG_nq-acaPtxGReQFJYifnXEdsYO-MJ,file,planned,
2026-03-07T03:08:39.213775+00:00,dry_run,1PluqnycBP6RGplfGKBkpM3ipChKMwOzh,file,planned,
2026-03-07T03:08:39.213775+00:00,dry_run,1PpkcNDwIKdS53oYvDmoT6NKu6aMFbBwT,file,planned,
2026-03-07T03:08:39.213775+00:00,dry_run,1PtRGRV6Z0WTs_DigXo5voQcMt-4SmsL5,file,planned,
2026-03-07T03:08:39.213775+00:00,dry_run,1PvvA5dasGa0iYvaL8E62eivjfWW73iNo,file,planned,
2026-03-07T03:08:39.213775+00:00,dry_run,1PwXlgUFtCrw4XYxHZjpEHdkAF6jVcPRR,file,planned,
2026-03-07T03:08:39.213775+00:00,dry_run,1Q-4pe6GyJrnpDZ4eijB385TH9EAExJpP,file,planned,
2026-03-07T03:08:39.213775+00:00,dry_run,1Q9LkBuzw4T6znB75nRAM5hReq9mxUjfa,file,planned,
2026-03-07T03:08:39.213775+00:00,dry_run,1Q9rjRr-l4FNxgYckxLUf_ZoEIfyTVZ1P,file,planned,
2026-03-07T03:08:39.213775+00:00,dry_run,1QAcmVDklx-OuOhblhEPOi_V09w8awel1,file,planned,
2026-03-07T03:08:39.213775+00:00,dry_run,1QGhKubopLbIpudos7DJiQVqOBFTHuq2U,file,planned,
2026-03-07T03:08:39.213775+00:00,dry_run,1QLGv1ctztmGoIoTL6HbTGXQYfANKY7Aw,file,planned,
2026-03-07T03:08:39.213775+00:00,dry_run,1QLOfPsqqIQpVdpjI58GEgd6GpEdDEnTE,file,planned,
2026-03-07T03:08:39.213775+00:00,dry_run,1QMQ9F3YAnwc-cLFnxigU8aH0q2F3Zvxx,file,planned,
2026-03-07T03:08:39.213775+00:00,dry_run,1QNH77T0sixHC4B59JMV4_QYWRQIKSGiJ,file,planned,
2026-03-07T03:08:39.213775+00:00,dry_run,1QOQh5MQlNd7WZzWBiaolSpj_mo4G_krM,file,planned,
2026-03-07T03:08:39.213775+00:00,dry_run,1QSFqz4txqfNSUBjil6lkJv2_ZEQ2wrJ-,file,planned,
2026-03-07T03:08:39.213775+00:00,dry_run,1QTgnoBNkvg1nnuo-zv0fvah49MUdcsKD,file,planned,
2026-03-07T03:08:39.213775+00:00,dry_run,1QUQ9XzMhEmZpU7N-n34VvlSd-ZlwBlCP,file,planned,
2026-03-07T03:08:39.213775+00:00,dry_run,1Q_G5ZhR4p3T4PAqyth9CJW2MwbonZLIw,file,planned,
2026-03-07T03:08:39.213775+00:00,dry_run,1QcQXAry3C-5Vi9BouPPK-N7gtzhc7ag5,file,planned,
2026-03-07T03:08:39.213775+00:00,dry_run,1Qg7cL9xFyYmfpFMMwbaodjLQjjvEmDdo,file,planned,
2026-03-07T03:08:39.213775+00:00,dry_run,1Qj9XDxuKRuEn3fhn5GjifR0neiM5uXPR,file,planned,
2026-03-07T03:08:39.213775+00:00,dry_run,1Qm6j7eCE7Y4azphVGlnA64eAJ6_ltDn3,file,planned,
2026-03-07T03:08:39.213775+00:00,dry_run,1Qo4_Ofk4sFZ5aD9C8Oh-arDR4ji-kyDr,file,planned,
2026-03-07T03:08:39.213775+00:00,dry_run,1R-llpFOLqw4Z87cQIBOnfNClnY3hXxhO,file,planned,
2026-03-07T03:08:39.213775+00:00,dry_run,1R0l-i_kb6LEvcqTAJ8zonCXXH0Z_hczF,file,planned,
2026-03-07T03:08:39.213775+00:00,dry_run,1R3z9mVXbxniDWZLHro7YwUDA2-h9QXoa,file,planned,
2026-03-07T03:08:39.213775+00:00,dry_run,1RDmujPiWQYXbMfzxtdxW1uhDB4yeI2mB,file,planned,
2026-03-07T03:08:39.213775+00:00,dry_run,1RIORR2qx-Msvdlk8DK1Yr6htqagvwsKA,file,planned,
2026-03-07T03:08:39.213775+00:00,dry_run,1ROepa5S2exefQwPWFy6Dq3sleiN9bTj9,file,planned,
2026-03-07T03:08:39.213775+00:00,dry_run,1RPmdP5UeL-wL5KyrSePfzbMb3ijEPdXG,file,planned,
2026-03-07T03:08:39.213775+00:00,dry_run,1RSA_ZwHOYGR8fp7t-HiLR-mS6zdJ_Azx,file,planned,
2026-03-07T03:08:39.213775+00:00,dry_run,1RT3JYv3DaFWTw_ShDmSFDq5GMKbsPNHK,file,planned,
2026-03-07T03:08:39.213775+00:00,dry_run,1RU38Io_THWGfBtF-UA9Lf-ziGhbOcNe6,file,planned,
2026-03-07T03:08:39.213775+00:00,dry_run,1RUcF_xO-DVxcreXKI_PESMo3-ltZKPn1,file,planned,
2026-03-07T03:08:39.213775+00:00,dry_run,1RWO1ow9JlZxdjLPswHztmJ2WoKCxmbbc,file,planned,
2026-03-07T03:08:39.213775+00:00,dry_run,1RWTRjngVqtEI_2-86MsUH31xevfXK02C,file,planned,
2026-03-07T03:08:39.213775+00:00,dry_run,1RZB6AeSAlMHVsFuJwp-gOHa7GFab5J_k,file,planned,
2026-03-07T03:08:39.213775+00:00,dry_run,1RaZYojE4J15QZpIK_HIQqA16p4P1G121,file,planned,
2026-03-07T03:08:39.213775+00:00,dry_run,1RfcrZn4yL-FLtMqK4GA1NGA0kdNp_WKT,file,planned,
2026-03-07T03:08:39.213775+00:00,dry_run,1Rjb7mHo9fKxKcx-TtNcXTgtvv5HIR7xV,file,planned,
2026-03-07T03:08:39.213775+00:00,dry_run,1Ro63OhiFCV7E6a_px4H33-2wAJPQ3ujy,file,planned,
2026-03-07T03:08:39.213775+00:00,dry_run,1RoZcElaG2iLkQOt-alLk0ansP6L4trEn,file,planned,
2026-03-07T03:08:39.213775+00:00,dry_run,1RqJHQ7qdK-YrLmk7mKLhlCq5z7b00BeA,file,planned,
2026-03-07T03:08:39.213775+00:00,dry_run,1Ru2xBZ1JjNNu3azHy3dVIAdPbcmjFJ5u,file,planned,
2026-03-07T03:08:39.213775+00:00,dry_run,1RvHqQ0-zMKQ1dHmuSNxvl4u__M9rHPkt,file,planned,
2026-03-07T03:08:39.213775+00:00,dry_run,1RwOQ1MwDIWwLYCDNDRVvZ6wuo2mOPxuN,file,planned,
2026-03-07T03:08:39.213775+00:00,dry_run,1S9SXyyqDEEoW995hF7wkIb-2yqn72cm3,file,planned,
2026-03-07T03:08:39.213775+00:00,dry_run,1SBsPCwNsGtdYl2bnICOMJ9gbmGQQsxwd,file,planned,
2026-03-07T03:08:39.213775+00:00,dry_run,1SHGqpIXpIbYk2YPZYrzKdNuLc-iRq2hL,file,planned,
2026-03-07T03:08:39.213775+00:00,dry_run,1SLVo-SPbiFM1UrUjQbBYvfklHgUDCFQE,file,planned,
2026-03-07T03:08:39.213775+00:00,dry_run,1SQGbS19R0HtYe0iy-emtiMsksydtUlmh,file,planned,
2026-03-07T03:08:39.213775+00:00,dry_run,1SYRuQS61XUHZt7D-dyT2ke6eJ_Lhmtrx,file,planned,
2026-03-07T03:08:39.213775+00:00,dry_run,1Sfn6K1-Imc5oJaACfGLGnJZNAxdzqg-I,file,planned,
2026-03-07T03:08:39.213775+00:00,dry_run,1ShDmaBcbPQnLkJI57ZqBlXJRXa6IolUl,file,planned,
2026-03-07T03:08:39.213775+00:00,dry_run,1SiAK6fTJlnPGF9ZUFjuIPfdPufNIakWh,file,planned,
2026-03-07T03:08:39.213775+00:00,dry_run,1SiHCJfhfyo6x_6EspXqg3LCcIo8U_pST,file,planned,
2026-03-07T03:08:39.213775+00:00,dry_run,1SjIrOQ8B0XkS0Dju7Zw2JtxQkO16sN0n,file,planned,
2026-03-07T03:08:39.213775+00:00,dry_run,1Sl2EfMTv8kbwnnOXwUtKD2xGtI-2d06L,file,planned,
2026-03-07T03:08:39.213775+00:00,dry_run,1Ste0Z8TXbORY52oMBoXkA1pzR7sjkpzu,file,planned,
2026-03-07T03:08:39.213775+00:00,dry_run,1SvNDfSRlOPrHw7X5mXaz1BsII4CNZfMW,file,planned,
2026-03-07T03:08:39.213775+00:00,dry_run,1Sw2fJMdYMFeIA4RnjFrY_Ot1_bkOpMCx,file,planned,
2026-03-07T03:08:39.213775+00:00,dry_run,1SxJdIXq-IDRlwt66YmEgoBM1-v4nCcGX,file,planned,
2026-03-07T03:08:39.213775+00:00,dry_run,1T21lxR7SRZ7vs1lyLnJaZ7LZLKIax1mI,file,planned,
2026-03-07T03:08:39.213775+00:00,dry_run,1T3KfnEpvfntIFORMU63aI2eDcD33r_hJ,file,planned,
2026-03-07T03:08:39.213775+00:00,dry_run,1T5-2SKvE7aN-8cQRfHNMNg_KsVWnqG4U,file,planned,
2026-03-07T03:08:39.213775+00:00,dry_run,1T79pQytvfgrzaPcgwQHnh2H9nZRXHmxH,file,planned,
2026-03-07T03:08:39.213775+00:00,dry_run,1T7ZvbI8EwnIrpBF-KjoYtNBmHHu7vucq,file,planned,
2026-03-07T03:08:39.213775+00:00,dry_run,1TCGEYBKnlvXdhh2dD06DlWscVccPXmcY,file,planned,
2026-03-07T03:08:39.213775+00:00,dry_run,1TNSPlBR972IW982xstLtwbWUbVOwFj2y,file,planned,
2026-03-07T03:08:39.213775+00:00,dry_run,1TObG9egQyD8vG535nB6TbH0lX3xMv_SL,file,planned,
2026-03-07T03:08:39.213775+00:00,dry_run,1TQ2DtLBYMlgE9DiHzmiGH_HGYqE4gFxm,file,planned,
2026-03-07T03:08:39.213775+00:00,dry_run,1TQya5wCEXPs9kcw2EX56A4dv9uiMKJ4I,file,planned,
2026-03-07T03:08:39.213775+00:00,dry_run,1TRf3ZZn_yILnfk1DHJB7pL-nbTXEdC_V,file,planned,
2026-03-07T03:08:39.213775+00:00,dry_run,1TSZm3IdK_f1FV2a72sgGPShUUtPgA9W8,file,planned,
2026-03-07T03:08:39.213775+00:00,dry_run,1T_r-RbI5_B_iIf1-LXMxgo69e6z0E9u7,file,planned,
2026-03-07T03:08:39.213775+00:00,dry_run,1Tdz-_Ed99E2fsf0FXbmuloG-bnN7ck7-,file,planned,
2026-03-07T03:08:39.213775+00:00,dry_run,1Tghf8YvtVyhgUpgiHrEvyvVja6Ux2pBT,file,planned,
2026-03-07T03:08:39.213775+00:00,dry_run,1TiNd7YB7Pt1C1oe2UescQnzsYtgkFbIz,file,planned,
2026-03-07T03:08:39.213775+00:00,dry_run,1ToQWGO6w6OIzZpNKIEKo2CExrxScHuft,file,planned,
2026-03-07T03:08:39.213775+00:00,dry_run,1TsUE4Oz9VmcSmNGpBQSRjcR8-riBWFOT,file,planned,
2026-03-07T03:08:39.213775+00:00,dry_run,1TtI149heH4MihOtoTZ8fcWgbp-IKtWDl,file,planned,
2026-03-07T03:08:39.213775+00:00,dry_run,1UAH5tXVIMxLIbrd-GR6v0Hzlk8FHHcGd,file,planned,
2026-03-07T03:08:39.213775+00:00,dry_run,1UVGJy2Ek-SOlVzW4xg3f7Pdcu8DBz03V,file,planned,
2026-03-07T03:08:39.213775+00:00,dry_run,1Uaqg1NAzBRPU7eEbcX0Mjhdw5r6OqQ-X,file,planned,
2026-03-07T03:08:39.213775+00:00,dry_run,1Ug5yg84Gd-sfUql2bK1xDOf0JAvSABW0,file,planned,
2026-03-07T03:08:39.213775+00:00,dry_run,1V5sqXtvcaqPb6rUo0MRDkx33X1xi8W0V,file,planned,
2026-03-07T03:08:39.213775+00:00,dry_run,1VN60xz94p089vUt7D5AfB3DzQ8uzm_Hp,file,planned,
2026-03-07T03:08:39.213775+00:00,dry_run,1VNdDfbWFsV6EaNbKM3-sj9xo3QGRAEYC,file,planned,
2026-03-07T03:08:39.213775+00:00,dry_run,1VXjL6pXZ1T0haobZt2EiiphXABrFfvvS,file,planned,
2026-03-07T03:08:39.213775+00:00,dry_run,1W0HaUN-zLGnmqMlE2r_dhUJr1IJRg5oi,file,planned,
2026-03-07T03:08:39.213775+00:00,dry_run,1W4qf8FgX29EgFo1QzXZpKdC4mC0PDVvP,file,planned,
2026-03-07T03:08:39.213775+00:00,dry_run,1W67MJ1gMUBIze5hQGg-Ua2v75EO31YvL,file,planned,
2026-03-07T03:08:39.213775+00:00,dry_run,1WGcWQBiG-X_NwjPkQN9GlhISs7qqxGjU,file,planned,
2026-03-07T03:08:39.213775+00:00,dry_run,1WOcgwZ5ibz6vf18dtILKk6ImYHzxegER,file,planned,
2026-03-07T03:08:39.213775+00:00,dry_run,1WW6WADTszdzr5-J2-1IoRf7FiTwk8Hum,file,planned,
2026-03-07T03:08:39.213775+00:00,dry_run,1WZY8VIwoLreJ3ZskOkowBGy52e7UWJ1G,file,planned,
2026-03-07T03:08:39.213775+00:00,dry_run,1Wja03BaOSGQfxIPlmyye7TTfv9LcHIkx,file,planned,
2026-03-07T03:08:39.213775+00:00,dry_run,1WnYJdHV3BQHo_J3BWBG2WJ_00p6gYaKH,file,planned,
2026-03-07T03:08:39.213775+00:00,dry_run,1WpRf12SQOnjSw9ydzT0Oyfg_oKQesQnw,file,planned,
2026-03-07T03:08:39.213775+00:00,dry_run,1WqKXQLtkOX8ct48KstaelaFyy4PJ0DLV,file,planned,
2026-03-07T03:08:39.213775+00:00,dry_run,1WySdjvFbAKQG8YUg3ypeE59Fka4GpfyM,file,planned,
2026-03-07T03:08:39.213775+00:00,dry_run,1X7XrLSIFVizdPJKJsIV4jEwZ3HV8pEM8,file,planned,
2026-03-07T03:08:39.213775+00:00,dry_run,1XCEtWppHknweJALDn61hq8tn1MVy5aGY,file,planned,
2026-03-07T03:08:39.213775+00:00,dry_run,1XDI6MIB21CGDZ-raZQcWe5uJhqvA4zNn,file,planned,
2026-03-07T03:08:39.213775+00:00,dry_run,1XDzgsvWy5MBvvf_oOCkBaLzBUGgnOZcm,file,planned,
2026-03-07T03:08:39.213775+00:00,dry_run,1XMiVYkKOF2e_L-UW5B4E4M3Z0_yhaIxa,file,planned,
2026-03-07T03:08:39.213775+00:00,dry_run,1XNeOKJaC7ypiX9hnPtSOedotV552Mfh-,file,planned,
2026-03-07T03:08:39.213775+00:00,dry_run,1XeJqKy-smT4M4GgWd53goNLfjtSa3-En,file,planned,
2026-03-07T03:08:39.213775+00:00,dry_run,1XqO6gOs6zwFzdcz3kxkwTa1naUZLppxA,file,planned,
2026-03-07T03:08:39.213775+00:00,dry_run,1Y-SW8ig1qCNXhf0jIyvgifZxEMDNy_pX,file,planned,
2026-03-07T03:08:39.213775+00:00,dry_run,1Y2gPlUTxAdvVcaBmhVXhRVRLhPjrZVlS,file,planned,
2026-03-07T03:08:39.213775+00:00,dry_run,1Y2nIsBq4V6DT7IeF8IqtN2i5j76-CKD_,file,planned,
2026-03-07T03:08:39.213775+00:00,dry_run,1Y5VY5gDNYEzNEz58ixERWOVocWZ3uhT-,file,planned,
2026-03-07T03:08:39.213775+00:00,dry_run,1YIJCMWnGX3meQo9DccJkaLJKrd8ULNRr,file,planned,
2026-03-07T03:08:39.213775+00:00,dry_run,1YM7WDytoXsA7-UGwtJbgcJNmUyCqe5WA,file,planned,
2026-03-07T03:08:39.213775+00:00,dry_run,1YPIZz5ZkPTMXWAzqjyR05vI8M4ZBKJ2q,file,planned,
2026-03-07T03:08:39.213775+00:00,dry_run,1YQ4iYdBTX6_IMnXA9yHmUpndhXjoEGgt,file,planned,
2026-03-07T03:08:39.213775+00:00,dry_run,1Yf9kqGvZM6Zu4YaGkFb80frTHbNdF_kI,file,planned,
2026-03-07T03:08:39.213775+00:00,dry_run,1YhulVofUqzo5FOOh13TcM6JGW6cre4JW,file,planned,
2026-03-07T03:08:39.213775+00:00,dry_run,1Yo0nj2nuMN_UBAQLgL30f4YXp9Wz-PUt,file,planned,
2026-03-07T03:08:39.213775+00:00,dry_run,1Z-fTWf-mBmSymFRRWl9yETvQ6LZdKY03,file,planned,
2026-03-07T03:08:39.213775+00:00,dry_run,1Z5hko_RlcCSJrIZIiM-rPQBtapASR5ZA,file,planned,
2026-03-07T03:08:39.213775+00:00,dry_run,1Z8CFZkxBPVhhk1Gao0ebbRQLChczYuEr,file,planned,
2026-03-07T03:08:39.213775+00:00,dry_run,1ZA3XZmIoqNMGAJxK4Bcp6HYyGb-zhf_0,file,planned,
2026-03-07T03:08:39.213775+00:00,dry_run,1ZHrwbc01FmgHhopcHAdc-UgzAR-udtrQ,file,planned,
2026-03-07T03:08:39.213775+00:00,dry_run,1ZV_4cf8Lp9yhVvlnVyxOp5xlda4a6Wec,file,planned,
2026-03-07T03:08:39.213775+00:00,dry_run,1ZiT9zOW1VHOXsouQuPrx9BqgJaZ277d-,file,planned,
2026-03-07T03:08:39.213775+00:00,dry_run,1Zzxo8ZOLgsNkcHWpyFpY0PHntSuJegeR,file,planned,
2026-03-07T03:08:39.213775+00:00,dry_run,1_8SjQgSO_WL3fs9-soqeEbLNA43RvGkh,file,planned,
2026-03-07T03:08:39.213775+00:00,dry_run,1_AQg-Y48Bm2RFELrnDxpZTUAveaXM5R9,file,planned,
2026-03-07T03:08:39.213775+00:00,dry_run,1_EW4sAdhOj2SN4XGrqsTaG_VI0PJPD3V,file,planned,
2026-03-07T03:08:39.213775+00:00,dry_run,1_JwiZfwHP3cwaYpQU_RV2YfElBvke09C,file,planned,
2026-03-07T03:08:39.213775+00:00,dry_run,1_M3Dcy6GhJ9ylJredKBuskQE0_pOT-gt,file,planned,
2026-03-07T03:08:39.213775+00:00,dry_run,1_OQRLHVQhwGLEU-AStOZf23vpcUbHe9K,file,planned,
2026-03-07T03:08:39.213775+00:00,dry_run,1_P2BocgVIP_Qg_tKgB8Ev1ExLPTMIaWJ,file,planned,
2026-03-07T03:08:39.213775+00:00,dry_run,1_bpejd0ohciCzvKia43wMUc9Qm4Sc7_d,file,planned,
2026-03-07T03:08:39.213775+00:00,dry_run,1_dm2OppM4eqZEp0VvXeyGRtHkc1729Vh,file,planned,
2026-03-07T03:08:39.213775+00:00,dry_run,1_fMtdVpipSyHm-FR7T7lwtwNJ5raImzW,file,planned,
2026-03-07T03:08:39.213775+00:00,dry_run,1_jvBRztBzWXhi6rRXgX-juywbA3sDQEX,file,planned,
2026-03-07T03:08:39.213775+00:00,dry_run,1_pm2oaQnu5IpTolGvxqCjPFxHcQzf-G7,file,planned,
2026-03-07T03:08:39.213775+00:00,dry_run,1_uHOZ-OELvrQqrZJCCzy9qmhUaeqeJ4f,file,planned,
2026-03-07T03:08:39.213775+00:00,dry_run,1_z0PO0QrVOu87Plc40b5mbOY1i2p4yzk,file,planned,
2026-03-07T03:08:39.213775+00:00,dry_run,1aC1ZfHFVvCzIDMgwtSwHDFky8oQYnjY7,file,planned,
2026-03-07T03:09:02.214776+00:00,dry_run,1-74HP1W8UcPzkd4cpiHb6OdY01W1mkq3,file,planned,
2026-03-07T03:09:02.214776+00:00,dry_run,1-7T9aU0AtAYAp9LtAwJR4FwXnoTjLBrs,file,planned,
2026-03-07T03:09:02.214776+00:00,dry_run,1-DCHKsSuXiPdcjXL-uuTCcZrunZBYpQ7,file,planned,
2026-03-07T03:09:02.214776+00:00,dry_run,1-TKlDLBHPa8I2qVyS5DIOVHqGcSqMPh4,file,planned,
2026-03-07T03:09:02.214776+00:00,dry_run,1-Zy-kUOmpVM57IyAYavqdoLteQBmPJFJ,file,planned,
2026-03-07T03:09:02.214776+00:00,dry_run,1-ildKTl5EbAiOdhRFZEi7jO-jJQEVBFz,file,planned,
2026-03-07T03:09:02.214776+00:00,dry_run,1-ja3xLb94s4z2iyXqX_ADulDftuKQ4Fj,file,planned,
2026-03-07T03:09:02.214776+00:00,dry_run,1-njrPgZcZlzt0Sc3Wagp8Z60nuSnpSy2,file,planned,
2026-03-07T03:09:02.214776+00:00,dry_run,1-oN15JR0NyXHbC-beikFAiIQL95luU-u,file,planned,
2026-03-07T03:09:02.214776+00:00,dry_run,1-szyzh-g4U_oCvBLkOJIqQ1yklaSpqUt,file,planned,
2026-03-07T03:09:02.214776+00:00,dry_run,107szxlCPuz9-f8mvOEmmAMPckyPowmLe,file,planned,
2026-03-07T03:09:02.214776+00:00,dry_run,10F8YUGcxMLCB9k93sK8Q_7JM8gTcZU18,file,planned,
2026-03-07T03:09:02.214776+00:00,dry_run,10Hj_rlOLWgjyz5_n1wS5OQGtujZE257o,file,planned,
2026-03-07T03:09:02.214776+00:00,dry_run,10SDNLxINerpIfD7YM8Pu6lwTf9ywzXEL,file,planned,
2026-03-07T03:09:02.214776+00:00,dry_run,10SPbXhY_UIwKNsrlSsBGwwz2ooelfm-p,file,planned,
2026-03-07T03:09:02.214776+00:00,dry_run,10TH8_yn3e8yHqwY0ELEenj7qn5c9LPQG,file,planned,
2026-03-07T03:09:02.214776+00:00,dry_run,10XYWvycPTFdjlKLK3NS3y2b8avIHcLIr,file,planned,
2026-03-07T03:09:02.214776+00:00,dry_run,10ZQksTjt7FmmnJ3wFLlZdC5xUURDu7Zw,file,planned,
2026-03-07T03:09:02.214776+00:00,dry_run,10cHZX838D6SRJwes7ajD1dusLD5C2HaU,file,planned,
2026-03-07T03:09:02.214776+00:00,dry_run,10cORVmXJTDvhhPD-SivmDdlylHjWDlK4,file,planned,
2026-03-07T03:09:02.214776+00:00,dry_run,10qUa6NYLnkZabMIH7X1jqH-D3tm1yZNa,file,planned,
2026-03-07T03:09:02.214776+00:00,dry_run,10qdDXiSlN9T9CiTKNP2i5fekd6Cm8GN1,file,planned,
2026-03-07T03:09:02.214776+00:00,dry_run,111io1GkC5v_7tnGdsbV3QQjjPzBF3YIJ,file,planned,
2026-03-07T03:09:02.214776+00:00,dry_run,1129SEMj9PkVMuABt6WSB5OXEZDeo4iy4,file,planned,
2026-03-07T03:09:02.214776+00:00,dry_run,115m4L1r6H7zJKYDz30TKa9dJZq_b3Afp,file,planned,
2026-03-07T03:09:02.214776+00:00,dry_run,119jYwp9kB5H9qJov968kZF-iHqNbWuxN,file,planned,
2026-03-07T03:09:02.214776+00:00,dry_run,11CZ_2h3qp9IDbfk2eqcJT5enp2Z1YFSH,file,planned,
2026-03-07T03:09:02.214776+00:00,dry_run,11DvUWrnMMuDrLs4PzGHyG98wsfBU8kbj,file,planned,
2026-03-07T03:09:02.214776+00:00,dry_run,11VtNzzK1fB3tSvzKvpEFIulG7Be4drix,file,planned,
2026-03-07T03:09:02.214776+00:00,dry_run,11Y0MHkmKQ2SmdWZ6YPG0eSm73MQp247G,file,planned,
2026-03-07T03:09:02.214776+00:00,dry_run,11hFfb8A8MaUvXIhcDPIqgYcHxuZ5G8nM,file,planned,
2026-03-07T03:09:02.214776+00:00,dry_run,11igp6Gcng-FxLemqkbiWEpW1spatlPaf,file,planned,
2026-03-07T03:09:02.214776+00:00,dry_run,11nczCMzgMlAXjgxQ8rfbxVvHzLvEaeBt,file,planned,
2026-03-07T03:09:02.214776+00:00,dry_run,11qc37lrt6naPhWNiOqriD4eXyTuYQwVH,file,planned,
2026-03-07T03:09:02.214776+00:00,dry_run,11uRnHoeaurlqUS_cOrUlYDEPGJ8wHuSw,file,planned,
2026-03-07T03:09:02.214776+00:00,dry_run,1236C63acToNdKR4ME1z0EvQJGhOTpUwt,file,planned,
2026-03-07T03:09:02.214776+00:00,dry_run,12MiFfQj6UfT36r_2m2zVYnVbDrG4sNt7,file,planned,
2026-03-07T03:09:02.214776+00:00,dry_run,12NbZPkms27RD98aamBp6oauAR90KfTSr,file,planned,
2026-03-07T03:09:02.214776+00:00,dry_run,12T5rbNiakScVWd2bm26vZAxVWXRhNyjT,file,planned,
2026-03-07T03:09:02.214776+00:00,dry_run,12VstBc3f9EtXxFU4uCPWBxSOSgc4VVb1,file,planned,
2026-03-07T03:09:02.214776+00:00,dry_run,12X8VPNRy5XmyIGBWNN29s2wDjWAL2C-E,file,planned,
2026-03-07T03:09:02.214776+00:00,dry_run,12acRlzV9eq5btNwsN7KeoOIYnmK1wEVW,file,planned,
2026-03-07T03:09:02.214776+00:00,dry_run,12jiLQXhJDSX1xBAtXCfQQHLXDyVDuyY-,file,planned,
2026-03-07T03:09:02.214776+00:00,dry_run,12m2VCa6qT_SMv0Ix4Bz87a-MJ1qXAniz,file,planned,
2026-03-07T03:09:02.214776+00:00,dry_run,12omO1yMi5pvijmf2F5N6vTXqz1o1jIoD,file,planned,
2026-03-07T03:09:02.214776+00:00,dry_run,12wC2RkUFimLbkchrOtAeeAzi87baIeUv,file,planned,
2026-03-07T03:09:02.214776+00:00,dry_run,134LtonrM1VyTpez_47cSLZ-Ye42KMvhV,file,planned,
2026-03-07T03:09:02.214776+00:00,dry_run,13CKyGHiWwaFr635kQ7S8g9D15AZqj4D4,file,planned,
2026-03-07T03:09:02.214776+00:00,dry_run,13DpPrxrlP6YtJGDiFG9ysrYlM3PD0Waq,file,planned,
2026-03-07T03:09:02.214776+00:00,dry_run,13LDChz0GRheiw88v_yz_M_erdVVNsM2s,file,planned,
2026-03-07T03:09:02.214776+00:00,dry_run,13N2WGtfxZjVhS3ygYcp9eiVRzWqVKwhD,file,planned,
2026-03-07T03:09:02.214776+00:00,dry_run,13aKveXb9wphlvNCV3jKWnxX-YsiDO-zX,file,planned,
2026-03-07T03:09:02.214776+00:00,dry_run,13dBXDFv3fOe52U7lPjJhwgpClXCuOYA6,file,planned,
2026-03-07T03:09:02.214776+00:00,dry_run,13fLNWZkhZFnVqv_LM-gSUSZqJC_t8sZA,file,planned,
2026-03-07T03:09:02.214776+00:00,dry_run,141oYfoQOG3gHraRzs-v3RfF4yG8DCfcw,file,planned,
2026-03-07T03:09:02.214776+00:00,dry_run,144dTiccxOBAkZrImxysSd6xbD-4_9a7V,file,planned,
2026-03-07T03:09:02.214776+00:00,dry_run,146EoAB-nwtMOaBMyc_dSYZSPwNkhZd-6,file,planned,
2026-03-07T03:09:02.214776+00:00,dry_run,14B7z5Z73DEaEcVoQOuHTr0VHyc30xQO9,file,planned,
2026-03-07T03:09:02.214776+00:00,dry_run,14JpBCzMTwpiCqv8QXpoVZA3gh0kwfDaD,file,planned,
2026-03-07T03:09:02.214776+00:00,dry_run,14bgc7MGLIyDelUo1H6AQpHHJS-gnYQqu,file,planned,
2026-03-07T03:09:02.214776+00:00,dry_run,14ngDJQ4jlFVH92J53uMJB85p1bN0Al0a,file,planned,
2026-03-07T03:09:02.214776+00:00,dry_run,14qX4b0XoFwtVauoXadTpI40EOpx159fq,file,planned,
2026-03-07T03:09:02.214776+00:00,dry_run,14uNpdW08_qnQDfs7nni2Uu_KtzhF67p2,file,planned,
2026-03-07T03:09:02.214776+00:00,dry_run,14uUqNgxYMcR84YvlFEvkCHRlz10O-GTY,file,planned,
2026-03-07T03:09:02.214776+00:00,dry_run,15-X6Ig-w1vzJWIIROFb42MN-V2RD4NUN,file,planned,
2026-03-07T03:09:02.214776+00:00,dry_run,15-ZM7T4EFWS9iRbO4Lxk9C4acOK6aglK,file,planned,
2026-03-07T03:09:02.214776+00:00,dry_run,156CLhqArUqsnusierGHKMjasy6M4e1Tx,file,planned,
2026-03-07T03:09:02.214776+00:00,dry_run,157Nfp_WA96-qfBXb-vUDG-nXd9nFZIkz,file,planned,
2026-03-07T03:09:02.214776+00:00,dry_run,15FwQKWQiozxz7HqclfNh2kY-eKFi5UGe,file,planned,
2026-03-07T03:09:02.214776+00:00,dry_run,15Nbg0c28y_8qiib3nspVu1cbCkg6ktKZ,file,planned,
2026-03-07T03:09:02.214776+00:00,dry_run,15OEmothzC7_1ku7tFacBDpPQpnUKWCWJ,file,planned,
2026-03-07T03:09:02.214776+00:00,dry_run,15Q05Rgt3pyQ9uxiD8glFueJ_wMUWQJ8i,file,planned,
2026-03-07T03:09:02.214776+00:00,dry_run,15T9HfKHvdHMoBkKkfFKJWhznsweDdywY,file,planned,
2026-03-07T03:09:02.214776+00:00,dry_run,15Vc1cTT8sJueb-lRZuzfEkMH1RVkeEQw,file,planned,
2026-03-07T03:09:02.214776+00:00,dry_run,15_Dzb3BJgR20SqSTGIYjPBHAJdqj80Rh,file,planned,
2026-03-07T03:09:02.214776+00:00,dry_run,15_vO2kJ4JoLq2brvOZ4KbbFlceJStt5z,file,planned,
2026-03-07T03:09:02.214776+00:00,dry_run,15eN2FT68tTq_Ryj4tTpQH1ivpZC8pELO,file,planned,
2026-03-07T03:09:02.214776+00:00,dry_run,15eQdETLleYxP8IhForoLHpauqBAyqhac,file,planned,
2026-03-07T03:09:02.214776+00:00,dry_run,15iXqv5ZsT7hL4sBmKCN51RYihAMCFtF6,file,planned,
2026-03-07T03:09:02.214776+00:00,dry_run,15mH2n9iBpR9J1I85TOjlkskM8FleSDgy,file,planned,
2026-03-07T03:09:02.214776+00:00,dry_run,15ojpjXwP1yxy4gggdgOwSrtbLAVQPNcA,file,planned,
2026-03-07T03:09:02.214776+00:00,dry_run,15rPDfWuX7-Q9LXPepAPmxLeHB_rdZwkk,file,planned,
2026-03-07T03:09:02.214776+00:00,dry_run,15xA2ALQjyf1GkU56oZFHw8ZYG44TBjhR,file,planned,
2026-03-07T03:09:02.214776+00:00,dry_run,162j5WnB2_KL2o7bm_6dOifg-zL2enHI5,file,planned,
2026-03-07T03:09:02.214776+00:00,dry_run,166EBYzyhnzHXbQ8ASw5pZZv9tiQsyp9t,file,planned,
2026-03-07T03:09:02.214776+00:00,dry_run,16KsVxK9UQYsg8vHEkR_IU-TNkW21w_7F,file,planned,
2026-03-07T03:09:02.214776+00:00,dry_run,16LWJSauzaOcStB3zIlZoHtojK5XIpvg3,file,planned,
2026-03-07T03:09:02.214776+00:00,dry_run,16U-Y1slndBu0WLvVt9GKyk6nUGiZx9_3,file,planned,
2026-03-07T03:09:02.214776+00:00,dry_run,16agZcLf_RiDswMtwy7LahXRFbOcvstko,file,planned,
2026-03-07T03:09:02.214776+00:00,dry_run,16pLGsORhUADGm87zK9PSbp5jDYkagr_l,file,planned,
2026-03-07T03:09:02.214776+00:00,dry_run,175784oZ_1LlF09blNxEPUbPBfgnuFy7m,file,planned,
2026-03-07T03:09:02.214776+00:00,dry_run,17POE-roFQjPJbS8mbVawZD_wIAKEcOXR,file,planned,
2026-03-07T03:09:02.214776+00:00,dry_run,17PS30DM62ANnbm4WvTvK-GsVGIhb3WzL,file,planned,
2026-03-07T03:09:02.214776+00:00,dry_run,17QcQjjfaBkiaXcLk9baqcQuWX42lsG2f,file,planned,
2026-03-07T03:09:02.214776+00:00,dry_run,17jF5e_RZ_CH9h7ZO2Q8XbEWvevBKM4Tu,file,planned,
2026-03-07T03:09:02.214776+00:00,dry_run,182YQNGtrc8rdhXg9lqOtV5P0XKvHdedA,file,planned,
2026-03-07T03:09:02.214776+00:00,dry_run,18EmuQHr_EFhyIPM_X0EiQOltQeZ2Pv2i,file,planned,
2026-03-07T03:09:02.214776+00:00,dry_run,18Hg57zHEVo49UzT2nLoMVIumLh5nwm5D,file,planned,
2026-03-07T03:09:02.214776+00:00,dry_run,18KIbd9B4iAWq1yxBlqiljrivosil0O8l,file,planned,
2026-03-07T03:09:02.214776+00:00,dry_run,18OJabE9vRC0A2QQ6iV6HxJra6fwwSuyj,file,planned,
2026-03-07T03:09:02.214776+00:00,dry_run,18TfRo1xXB8h3VpwqEztdR7obbcHKDOjR,file,planned,
2026-03-07T03:09:02.214776+00:00,dry_run,18asIwuoRSVjf-4JEwd7LbNoonHMmtrtu,file,planned,
2026-03-07T03:09:02.214776+00:00,dry_run,18eGir-_8aQvHQakCJU5Q0QTMDnH62efI,file,planned,
2026-03-07T03:09:02.214776+00:00,dry_run,195M2jdk7KLgCXnpLgbJvI2GCCAJ92ifl,file,planned,
2026-03-07T03:09:02.214776+00:00,dry_run,19IwZCz51QyexgFTj8b_P7HDpS-JqfuRY,file,planned,
2026-03-07T03:09:02.214776+00:00,dry_run,19TIisaZeBtpb_obZzMKcDdPN6ZCPBdJd,file,planned,
2026-03-07T03:09:02.214776+00:00,dry_run,19et4LsMB63dViBeWEHCgPVbeQVwS4m_Z,file,planned,
2026-03-07T03:09:02.214776+00:00,dry_run,19h66Y-dOGPM1CfH3nAG_cpLH0c-hckQs,file,planned,
2026-03-07T03:09:02.214776+00:00,dry_run,19k76lQ3v9-7EahbMuL3Mk7tBGNH6rTVr,file,planned,
2026-03-07T03:09:02.214776+00:00,dry_run,1A1H91G7FZ4tfZ58UklKmZxiV2bycN7gA,file,planned,
2026-03-07T03:09:02.214776+00:00,dry_run,1A7nIpGdXR1KUoOK-niVEOLJ18ZPL-bVk,file,planned,
2026-03-07T03:09:02.214776+00:00,dry_run,1A9BBXl-Oe0oYEXhSu5UtN4z2W2sWIZR9,file,planned,
2026-03-07T03:09:02.214776+00:00,dry_run,1AISka_8vIdOofUxVd-KRyZdBxSQS8g7j,file,planned,
2026-03-07T03:09:02.214776+00:00,dry_run,1AX-xtjb7ZmtqR0cJSxlg-HQDrIB8nLOA,file,planned,
2026-03-07T03:09:02.214776+00:00,dry_run,1AY8vBAkbAUVNBi3psetuPQsRAhZUxE59,file,planned,
2026-03-07T03:09:02.214776+00:00,dry_run,1B94J-IQnHvYP3YcnFkw1KdMUFvFX8mw3,file,planned,
2026-03-07T03:09:02.214776+00:00,dry_run,1BHFCs5V1Af7-y1BqCwPaz8mn1RLY9iq4,file,planned,
2026-03-07T03:09:02.214776+00:00,dry_run,1BK5bVG8V2HiZn-1o5MSyfZFjQtL-dyAU,file,planned,
2026-03-07T03:09:02.214776+00:00,dry_run,1BMDBearFe_-g6CgUTY0traBg0DLhf8gU,file,planned,
2026-03-07T03:09:02.214776+00:00,dry_run,1BQ7y4bensUFS5VaOaknpUwHpzON4uloL,file,planned,
2026-03-07T03:09:02.214776+00:00,dry_run,1BQZ6e7C5Q0h0Gzm2snGGGq7n46g8t21B,file,planned,
2026-03-07T03:09:02.214776+00:00,dry_run,1BTWuLnXHojejZQroF-GchqPz6l0Nm--y,file,planned,
2026-03-07T03:09:02.214776+00:00,dry_run,1BUREd8GnwxS3jgy70lhxttHtAFnI7ndQ,file,planned,
2026-03-07T03:09:02.214776+00:00,dry_run,1BV14FECdc5ZN1U1JlST_lF2KKlo7QAuP,file,planned,
2026-03-07T03:09:02.214776+00:00,dry_run,1BW8ePpFxAxTv7sCIkYYU4JEo_NAgudGZ,file,planned,
2026-03-07T03:09:02.214776+00:00,dry_run,1BbP_-ZPGAnkpZQmeJgG0c8jt57oK0HHx,file,planned,
2026-03-07T03:09:02.214776+00:00,dry_run,1Bb_TJ2YEZNhT6hcGb-LDjJ2jfsR22nu3,file,planned,
2026-03-07T03:09:02.214776+00:00,dry_run,1Bh_jsp9sP3NBAUjwCrjTKO2a2B21FJlT,file,planned,
2026-03-07T03:09:02.214776+00:00,dry_run,1Br5z3yLDKkTWuUHPo9f6TpFQI2h24WLn,file,planned,
2026-03-07T03:09:02.214776+00:00,dry_run,1ByNJS9AmEpIoebKcpN5z1PW6GmDqKnAR,file,planned,
2026-03-07T03:09:02.214776+00:00,dry_run,1BzFJ_9HFgGbRrWjYmasaYEjvSMCEm-9n,file,planned,
2026-03-07T03:09:02.214776+00:00,dry_run,1C4PEt6Bh2TU2KrE3n4IiDG-iYLteOFG8,file,planned,
2026-03-07T03:09:02.214776+00:00,dry_run,1C4QzBmSMa7CqG5G-M6_1EgpLV2y4rH_X,file,planned,
2026-03-07T03:09:02.214776+00:00,dry_run,1C6danwthz2iNsRnNiNi7noYFpgqAvXLP,file,planned,
2026-03-07T03:09:02.214776+00:00,dry_run,1CeZGKHHC1Azl3Bb1RyFP4E__rv6Sxm8C,file,planned,
2026-03-07T03:09:02.214776+00:00,dry_run,1CjAospg4IhlyrZhnRkCLZ6fUFhlWAbch,file,planned,
2026-03-07T03:09:02.214776+00:00,dry_run,1CjlMIbH9vK2wLoRfRO7mVAq1XRd52fZF,file,planned,
2026-03-07T03:09:02.214776+00:00,dry_run,1CrL89-dQCFhoyobgrhx7LZnIABnFPBpX,file,planned,
2026-03-07T03:09:02.214776+00:00,dry_run,1Cvi5WFu0uyszUZ_Uw2RTBlWWAViYQLIr,file,planned,
2026-03-07T03:09:02.214776+00:00,dry_run,1CxJaa3nbURE818NXTSr_OjmE4yBqpVQ9,file,planned,
2026-03-07T03:09:02.214776+00:00,dry_run,1D3fGx3Z2rfHbMfFSX3fu2X5Hc9Cp-CWP,file,planned,
2026-03-07T03:09:02.214776+00:00,dry_run,1D3zQfvyPc_FnwhZ3mheUciTxctdu9ihM,file,planned,
2026-03-07T03:09:02.214776+00:00,dry_run,1DOf0G2wXXa0N1vMSU-dat4Ja2FDJod1T,file,planned,
2026-03-07T03:09:02.214776+00:00,dry_run,1DPUnHkv8cKSTCv7XrPKfwnfCIoV0Qw5i,file,planned,
2026-03-07T03:09:02.214776+00:00,dry_run,1DYcY1M56gyxlwAy0BaolccWOm8eoqJQe,file,planned,
2026-03-07T03:09:02.214776+00:00,dry_run,1DgO_kNTrov_jrqs3ibWpqfv23PjpxSFg,file,planned,
2026-03-07T03:09:02.214776+00:00,dry_run,1DrJGfb37CIltbafM9WCxAXqMHwv0rVVg,file,planned,
2026-03-07T03:09:02.214776+00:00,dry_run,1Dta7w8Ohz5IexGT_uRf0qi1h5xkB0P62,file,planned,
2026-03-07T03:09:02.214776+00:00,dry_run,1E01qjANt_nGrQHW9yb4cNq6Jq1FMCY6V,file,planned,
2026-03-07T03:09:02.214776+00:00,dry_run,1E7Wx3eag5vI40S1jDGI67iqta87MzK5s,file,planned,
2026-03-07T03:09:02.214776+00:00,dry_run,1ECFxTZZ1hwdWV1EegsoXSQ_ATGT4dIA7,file,planned,
2026-03-07T03:09:02.214776+00:00,dry_run,1ECh-XpnS-YbRdytYgKwZzn_-qeUQuoYe,file,planned,
2026-03-07T03:09:02.214776+00:00,dry_run,1ES9K8LXcK1pynKYeIoybb2mzdd37OoGN,file,planned,
2026-03-07T03:09:02.214776+00:00,dry_run,1ETiHODv92TcbUI23vTRVyTbdme2D5Hg6,file,planned,
2026-03-07T03:09:02.214776+00:00,dry_run,1EUkhAgfvSfXBHDSK-5FpEoDALaia-_kZ,file,planned,
2026-03-07T03:09:02.214776+00:00,dry_run,1EWKb0H8c6t43bD_YOcRK-62Tw0z-LDCf,file,planned,
2026-03-07T03:09:02.214776+00:00,dry_run,1E_ADL9D_Yy7E-Heg7GEUt6asYdxfTcUD,file,planned,
2026-03-07T03:09:02.214776+00:00,dry_run,1E_bdcWP-plSD8UuroTIVyZbBBah1olW5,file,planned,
2026-03-07T03:09:02.214776+00:00,dry_run,1EaELC5la2QVZe0TtJG-VYz5w1EUEDOvY,file,planned,
2026-03-07T03:09:02.214776+00:00,dry_run,1EbEPCVmG0JGTGaO2cpia4ZpaD1TPonz1,file,planned,
2026-03-07T03:09:02.214776+00:00,dry_run,1Ecwci735G0xsyDEENbuny9VSIxlRbGzR,file,planned,
2026-03-07T03:09:02.214776+00:00,dry_run,1EzDT8lscwezNQ9j4BiLhjcDOKfz3kUR-,file,planned,
2026-03-07T03:09:02.214776+00:00,dry_run,1F4zy84j01mv7NSOFkDvrt5UA5TRdjo-z,file,planned,
2026-03-07T03:09:02.214776+00:00,dry_run,1F5Sl8Gzpfja93QzpPPTvMki8Tjh5_mI2,file,planned,
2026-03-07T03:09:02.214776+00:00,dry_run,1F7JMTG0FeWNuRxuV7tEnC2y5P-kUn5Aq,file,planned,
2026-03-07T03:09:02.214776+00:00,dry_run,1FKTxSnt3er-IUJEDVrfqjYLO4uvdF4bI,file,planned,
2026-03-07T03:09:02.214776+00:00,dry_run,1FPFnEnQJSgxTQszkyNQeqcV1C-oM7b_o,file,planned,
2026-03-07T03:09:02.214776+00:00,dry_run,1FQKx2QVTMe_BbhekEQHUNe-xY8SQ5Nii,file,planned,
2026-03-07T03:09:02.214776+00:00,dry_run,1FTEIz-gbCuxKm1BIcXsvOxAWKJj1fWqr,file,planned,
2026-03-07T03:09:02.214776+00:00,dry_run,1FW4mvl1jg9YhsTfLhACRxunIOsecvPyk,file,planned,
2026-03-07T03:09:02.214776+00:00,dry_run,1FWPgehAC5iTzKNEtC7rKZUpVLNkQ2ahT,file,planned,
2026-03-07T03:09:02.214776+00:00,dry_run,1FYqHtRcHJ4XoBcjLbojH-S3_qt2w3Pnl,file,planned,
2026-03-07T03:09:02.214776+00:00,dry_run,1FokSVaJKQh-NfTTcePpzHXlaGciC3tLs,file,planned,
2026-03-07T03:09:02.214776+00:00,dry_run,1FuwKcRgsuxatExJcTS95WS1aZD5319QK,file,planned,
2026-03-07T03:09:02.214776+00:00,dry_run,1FxILcwoy4AFOBsSpMuRwvCgAc-s8YGAI,file,planned,
2026-03-07T03:09:02.214776+00:00,dry_run,1FxeSxlF3m4OBEMDg4kkR_sYuF9GClz_i,file,planned,
2026-03-07T03:09:02.214776+00:00,dry_run,1Fy7Xt_GeI7Fexc-EmqDOYBvXALjiQAgV,file,planned,
2026-03-07T03:09:02.214776+00:00,dry_run,1G3GZO4BPbS3qjagY7I6kzQCpWpQxqNvR,file,planned,
2026-03-07T03:09:02.214776+00:00,dry_run,1G6dFW9odjc9oWJ57D6hWvDyne5m4g2GK,file,planned,
2026-03-07T03:09:02.214776+00:00,dry_run,1G9j21vn-Z4sSagm_FCzLtjCO8OHBARZs,file,planned,
2026-03-07T03:09:02.214776+00:00,dry_run,1GAQHaIrTacK2KcNjHFAzvXLWvrDlouu6,file,planned,
2026-03-07T03:09:02.214776+00:00,dry_run,1GPh66uv2iQhsiBJVd4hfV6knRxOJdy-w,file,planned,
2026-03-07T03:09:02.214776+00:00,dry_run,1GcPM9jc2z3zmiJEMrSxphiRk4TxOLNLz,file,planned,
2026-03-07T03:09:02.214776+00:00,dry_run,1GeMbaiyilreNbvDevve6I_OHIR0FPvK5,file,planned,
2026-03-07T03:09:02.214776+00:00,dry_run,1GrB8P8A6TJaqUtSKTv6au5-5cG2WCvhQ,file,planned,
2026-03-07T03:09:02.214776+00:00,dry_run,1Gt2vcD7Qa0G5tsVpF5tRaKe3Aa1-mC4i,file,planned,
2026-03-07T03:09:02.214776+00:00,dry_run,1Gu7VyMXh9ePwzMzE9wSBIZf6JweXe3Iv,file,planned,
2026-03-07T03:09:02.214776+00:00,dry_run,1Gwwv_gDl4rF0g9m42zMuaPo5ehyXXC43,file,planned,
2026-03-07T03:09:02.214776+00:00,dry_run,1H47hCM5BxrMWCDewUQCm9TeQfu6-BAo1,file,planned,
2026-03-07T03:09:02.214776+00:00,dry_run,1H5dpLr8g8xyQ3o8Wmxu8EimfxMcb35TJ,file,planned,
2026-03-07T03:09:02.214776+00:00,dry_run,1HCOQdFZD1f9pCniYoE67hB0a6mxv32Jf,file,planned,
2026-03-07T03:09:02.214776+00:00,dry_run,1HFT4Uf0PX4oIcso1MQx3JXpOn_j9ag5P,file,planned,
2026-03-07T03:09:02.214776+00:00,dry_run,1HOjetYgIK-PGEjLr61tXyqOFh71N23Ei,file,planned,
2026-03-07T03:09:02.214776+00:00,dry_run,1HQq9a9DsOj7xWdQocV3LBBwHS4iw8__5,file,planned,
2026-03-07T03:09:02.214776+00:00,dry_run,1HQrPGaoXfUtaCH9nnDT9hlHT9y7Eq5pI,file,planned,
2026-03-07T03:09:02.214776+00:00,dry_run,1HR7q6FRebRTSq9TEXmkAGZzaSDdwWdEv,file,planned,
2026-03-07T03:09:02.214776+00:00,dry_run,1HeHlwrZll6TZAjudcXGYaAggIyEK7j5d,file,planned,
2026-03-07T03:09:02.214776+00:00,dry_run,1Hsl5wpb2chkI3vSBSGn74XZsxqs-73CZ,file,planned,
2026-03-07T03:09:02.214776+00:00,dry_run,1HzJSarXxr7SMa93VXJEgkVIv9FSgYfJz,file,planned,
2026-03-07T03:09:02.214776+00:00,dry_run,1IBQJ_v4zN1C5zx2m-0xJHKoTC3l_NMrq,file,planned,
2026-03-07T03:09:02.214776+00:00,dry_run,1IBcmKOxqI6guqL3McN_NBreMGuGmLD1z,file,planned,
2026-03-07T03:09:02.214776+00:00,dry_run,1IBivKb7pFavLK6N6nIkxlAoZruV_cLM0,file,planned,
2026-03-07T03:09:02.214776+00:00,dry_run,1IDJUfBK8B-8dOYnI1p7yba1jZkajanSp,file,planned,
2026-03-07T03:09:02.214776+00:00,dry_run,1IHwKfIwuERB9JvRNUyftFetbpLWP1aSI,file,planned,
2026-03-07T03:09:02.214776+00:00,dry_run,1II0bStO0hiqu4dTvrlPJRDnO7wYfCDbE,file,planned,
2026-03-07T03:09:02.214776+00:00,dry_run,1IIeFikmPv7cUMaODU3P9NHYHGu96knF-,file,planned,
2026-03-07T03:09:02.214776+00:00,dry_run,1IKSlLUzH9wCnHn_0qTCgBBlDgJBTtgp-,file,planned,
2026-03-07T03:09:02.214776+00:00,dry_run,1IQY3s-BIHqGQSi0qrQ6LWpKhH6VsFtze,file,planned,
2026-03-07T03:09:02.214776+00:00,dry_run,1IVwJ1LteBgRSGxICavZ5sEO09OqrXnse,file,planned,
2026-03-07T03:09:02.214776+00:00,dry_run,1IaIsjKIsxhJNixFIRDycG-dLJNHfme8P,file,planned,
2026-03-07T03:09:02.214776+00:00,dry_run,1Ic5adwpLAO29XNsjZdOc8PJ9MqzBNAJt,file,planned,
2026-03-07T03:09:02.214776+00:00,dry_run,1Ic9to0KNwBnrtihO3l4-fIqjo-_Wm8ba,file,planned,
2026-03-07T03:09:02.214776+00:00,dry_run,1Ie-4qC7DPmZ8yfrNhd8CG_1NONm8pzn5,file,planned,
2026-03-07T03:09:02.214776+00:00,dry_run,1Iqg-OtUZEXYsu3RQmLfySxu3_kXIvuju,file,planned,
2026-03-07T03:09:02.214776+00:00,dry_run,1Isv4NdPoQmxl-V2xSpm1HkE2U5Maea_N,file,planned,
2026-03-07T03:09:02.214776+00:00,dry_run,1Iv_NA-dZGQBM6L0sBYx9Cr6-RQ8uOavF,file,planned,
2026-03-07T03:09:02.214776+00:00,dry_run,1J06yYWo1sH2AlI0ZCe-aINvBJVQsytYD,file,planned,
2026-03-07T03:09:02.214776+00:00,dry_run,1J0XQInPsyGYlRRxpl91xmk876mZ9NW-z,file,planned,
2026-03-07T03:09:02.214776+00:00,dry_run,1J8VvnERnQ0605zQSM3lVXWw9324FO3iu,file,planned,
2026-03-07T03:09:02.214776+00:00,dry_run,1J9309FvNzRv-2CCR2vtMX8zOcw9zCnH7,file,planned,
2026-03-07T03:09:02.214776+00:00,dry_run,1JHj9sOj5VXX2xWkr0MZkS_XgzuOj7_Kt,file,planned,
2026-03-07T03:09:02.214776+00:00,dry_run,1JJOrFyMZMf7ivN3oqAfCJzvXW-bbbmLf,file,planned,
2026-03-07T03:09:02.214776+00:00,dry_run,1JKrgCiEg2R3L4OVuyzZqhQQ28wzmPq9p,file,planned,
2026-03-07T03:09:02.214776+00:00,dry_run,1JQarnvS_KEt4lTL5lGBBN4CBFlzA_Tqx,file,planned,
2026-03-07T03:09:02.214776+00:00,dry_run,1JRipToNWfybqGfJaWBaNP12qqFvkBrDF,file,planned,
2026-03-07T03:09:02.214776+00:00,dry_run,1JRuzbktApDqTCPyPvW2L-k1ZHOevdAQI,file,planned,
2026-03-07T03:09:02.214776+00:00,dry_run,1JTiJ6p_q9-sjUAZ-tS6ZgFfkNnoACYfJ,file,planned,
2026-03-07T03:09:02.214776+00:00,dry_run,1JUXhPIZpz35jrq_GQn_Glj37uar-79fB,file,planned,
2026-03-07T03:09:02.214776+00:00,dry_run,1JYv22E4-pXMBMtVwJNEzNTuGgz3yaVHj,file,planned,
2026-03-07T03:09:02.214776+00:00,dry_run,1JdzcJW8oqgimGxucy1LNKstsM5NG_o57,file,planned,
2026-03-07T03:09:02.214776+00:00,dry_run,1Je-0wy7TTvoVlDdQgBrqAcolZ8EHmbmB,file,planned,
2026-03-07T03:09:02.214776+00:00,dry_run,1JfvpjynfzP5PckH5g9_9vRTO_ZLlV6a8,file,planned,
2026-03-07T03:09:02.214776+00:00,dry_run,1Jg0L4NWqyYUheLDfSGFlDY6qabT8Y3pc,file,planned,
2026-03-07T03:09:02.214776+00:00,dry_run,1JiuTZLyCiuhcS58B_Z99VL9VIWT38HxG,file,planned,
2026-03-07T03:09:02.214776+00:00,dry_run,1JjUY7XHwG8H3hH38JsMaCtoQOKTiAzZW,file,planned,
2026-03-07T03:09:02.214776+00:00,dry_run,1JlfVzNbNrUn6Mu2ZGKzJz77-9AT3eES8,file,planned,
2026-03-07T03:09:02.214776+00:00,dry_run,1JtmTBSM8rCv0FvoWasu26vL_xJpNVZcz,file,planned,
2026-03-07T03:09:02.214776+00:00,dry_run,1Jw71zfW3NopGwGAhQV4d5qTyEdi6eBmf,file,planned,
2026-03-07T03:09:02.214776+00:00,dry_run,1K-7U56yXevVfqwsqY8IcdkArWjxZD_uC,file,planned,
2026-03-07T03:09:02.214776+00:00,dry_run,1K0ioqgR1FyEQd-IN_QH_UbE6bXUVGrXg,file,planned,
2026-03-07T03:09:02.214776+00:00,dry_run,1K5icOBeV7_TCFY8qYxkI9qTAz2MeTlzZ,file,planned,
2026-03-07T03:09:02.214776+00:00,dry_run,1K7BkCGIoZyY6R4Pi_7rK7yPNvHuRndmq,file,planned,
2026-03-07T03:09:02.214776+00:00,dry_run,1KDZIUpyjRogmSl5VpjoadCsbQkjmVWE5,file,planned,
2026-03-07T03:09:02.214776+00:00,dry_run,1KIFRv6drg3TRYGPhiu5KUMG5MFBvwOw-,file,planned,
2026-03-07T03:09:02.214776+00:00,dry_run,1KIZommYzcL29yoe2jtEX88yAw1sb-Z2Z,file,planned,
2026-03-07T03:09:02.214776+00:00,dry_run,1KJykG1EaGghR0viQyhs3Kkw589PU2-PF,file,planned,
2026-03-07T03:09:02.214776+00:00,dry_run,1KLJxNBUbtxlpZmRq7CMTUC5t1atIR05A,file,planned,
2026-03-07T03:09:02.214776+00:00,dry_run,1KN4TWxTRbSSvfFumaXRf2I04JdSpqzYu,file,planned,
2026-03-07T03:09:02.214776+00:00,dry_run,1KP7NAOhjs8Wlrp4LdvtHwysl-vsfaRew,file,planned,
2026-03-07T03:09:02.214776+00:00,dry_run,1KRKpMvhU9ugdjzZWiRbtkkUW-i0XBxKR,file,planned,
2026-03-07T03:09:02.214776+00:00,dry_run,1KRywdPDHzsAdAlbapAMT1jLUNCwhdSga,file,planned,
2026-03-07T03:09:02.214776+00:00,dry_run,1KUy8pv7RTDKa3B3bnFfvHOAe0KHdKzV2,file,planned,
2026-03-07T03:09:02.214776+00:00,dry_run,1KWuWgiyEErEkyTxCUwwkhaDBbmkBlrQ1,file,planned,
2026-03-07T03:09:02.214776+00:00,dry_run,1KYZkMmT5h64qBmeHLpYl8eu9B5yCA1Dc,file,planned,
2026-03-07T03:09:02.214776+00:00,dry_run,1KcJ41jlUcnYR4XXwnM6OUUaJKJ7Yb7fM,file,planned,
2026-03-07T03:09:02.214776+00:00,dry_run,1KftlTP_guOOtzKZThpnME0Py3llIZfWz,file,planned,
2026-03-07T03:09:02.214776+00:00,dry_run,1KgH7g9AdxsT-i5IJR24bytEZl_IWJljj,file,planned,
2026-03-07T03:09:02.214776+00:00,dry_run,1KhHbnL9iFUOrk5c2MvfeAYlF8h-3Kp-i,file,planned,
2026-03-07T03:09:02.214776+00:00,dry_run,1KirG74w-CpglcE5wRNzTPHyrLcrZBKzv,file,planned,
2026-03-07T03:09:02.214776+00:00,dry_run,1KmNmKabEYHLBoTn15-G59sijSNiYs-Lb,file,planned,
2026-03-07T03:09:02.214776+00:00,dry_run,1KvqZUyStDDyvkg_Zk0YohU2dQEzd5sHI,file,planned,
2026-03-07T03:09:02.214776+00:00,dry_run,1Kw1ibJT2bEHT1KcE-09xLDqJ-tI8j1Hk,file,planned,
2026-03-07T03:09:02.214776+00:00,dry_run,1KyQcV48MjZDOLn0trmk1Ad3k1JXGZo_Z,file,planned,
2026-03-07T03:09:02.214776+00:00,dry_run,1L0lXvxW5qycAs_eaZHZpAwisdoptloG7,file,planned,
2026-03-07T03:09:02.214776+00:00,dry_run,1L2JIPcF5zPm68pOXv-LTM3sjAcoevumP,file,planned,
2026-03-07T03:09:02.214776+00:00,dry_run,1LA1Cdt4wFIx-FIY2CQ6GJxBQgPlBqqVJ,file,planned,
2026-03-07T03:09:02.214776+00:00,dry_run,1LJn0tt3EJY6xEOftPAQs7DIbaWIqqO7H,file,planned,
2026-03-07T03:09:02.214776+00:00,dry_run,1LJqcGDzWWdAI8PYpxChOzDf7MQm_f1Gw,file,planned,
2026-03-07T03:09:02.214776+00:00,dry_run,1LMm-RA2oGlaeU7HolheDSGfTlAIQSE41,file,planned,
2026-03-07T03:09:02.214776+00:00,dry_run,1LUFFKPbTwNbtJyud7ciXMnB79NQN9yeL,file,planned,
2026-03-07T03:09:02.214776+00:00,dry_run,1LYBLJmMplFUcgSl2BtDKJURrMJUrs5Nc,file,planned,
2026-03-07T03:09:02.214776+00:00,dry_run,1Lg04caXALNQ0-CKkMOSJRdyNgD7wzPYd,file,planned,
2026-03-07T03:09:02.214776+00:00,dry_run,1Lh-tMeB5SVNXBPd4WZEx6-_Dc4W0dXDA,file,planned,
2026-03-07T03:09:02.214776+00:00,dry_run,1Lra2MFdr27fAk25XTVaP3K68bzzndYO6,file,planned,
2026-03-07T03:09:02.214776+00:00,dry_run,1LtoVGKH-eOSBvpvQ4sDhHW6Egg44A4b1,file,planned,
2026-03-07T03:09:02.214776+00:00,dry_run,1LyOsQuHPYBDHpeyvOK066SuBKHQfr9PE,file,planned,
2026-03-07T03:09:02.214776+00:00,dry_run,1LyZHpO80upfEJ0F444Aid1sagawTGCzl,file,planned,
2026-03-07T03:09:02.214776+00:00,dry_run,1M08q5HGSdLmi3KGodIisYTfhAeIeRK0x,file,planned,
2026-03-07T03:09:02.214776+00:00,dry_run,1M0sXN8XQ3aQtehE89X6Ix82u3tXJvMBJ,file,planned,
2026-03-07T03:09:02.214776+00:00,dry_run,1M3YrTHeiQLjOH7rqs5XwCumx8FLQObwG,file,planned,
2026-03-07T03:09:02.214776+00:00,dry_run,1M4dlhUDXHt_faaCyKUYm6h2tq1K-so2n,file,planned,
2026-03-07T03:09:02.214776+00:00,dry_run,1M9lmjYvcCG3_c51wIbDJYpKK8AuB1aEd,file,planned,
2026-03-07T03:09:02.214776+00:00,dry_run,1MDbzEzoDthyh6z246gPplwfNtnMiXnE_,file,planned,
2026-03-07T03:09:02.214776+00:00,dry_run,1MEQKRlbEHnBGwLDBccutGjldOjSdP1rj,file,planned,
2026-03-07T03:09:02.214776+00:00,dry_run,1MEpXGKHzkqkJtqs1xUAr_WhdXPnkwyAl,file,planned,
2026-03-07T03:09:02.214776+00:00,dry_run,1MFMpNzIYV3cz2cV_srcWmcM77gWsMgTm,file,planned,
2026-03-07T03:09:02.214776+00:00,dry_run,1MOMucDt5kLZzioGiGdcBeu_9-jGczF4w,file,planned,
2026-03-07T03:09:02.214776+00:00,dry_run,1MSB1x2CAmzJovm-DZ00oOjs4pZA5AQeT,file,planned,
2026-03-07T03:09:02.214776+00:00,dry_run,1MSZQjo62reMEEQ2J9ywrW5aYZ-V7v3Qq,file,planned,
2026-03-07T03:09:02.214776+00:00,dry_run,1MT8JzP5T-K02Y3-kbjazcfm0QG6WeYyI,file,planned,
2026-03-07T03:09:02.214776+00:00,dry_run,1MT9xtDtpX-Do530OHSDVdjmSrIN-qmSX,file,planned,
2026-03-07T03:09:02.214776+00:00,dry_run,1MVVkWgOL-xeO4QebAkdqq94s4Lzdqogd,file,planned,
2026-03-07T03:09:02.214776+00:00,dry_run,1MYA0NTTepZRne52GraA1Ym4ASMGMrZ3d,file,planned,
2026-03-07T03:09:02.214776+00:00,dry_run,1MbUPLxWrGKFmMBarlkeCnxnr7aZocUJ_,file,planned,
2026-03-07T03:09:02.214776+00:00,dry_run,1MboRAhNPgQB5gbKiH8chrGLaclemJLwI,file,planned,
2026-03-07T03:09:02.214776+00:00,dry_run,1MdQdwT8crr4tL4hO3Lr0QmjhENvTSyvy,file,planned,
2026-03-07T03:09:02.214776+00:00,dry_run,1MdmFWs2w9Iqa494CNOiwKpKLFg_7-Zpv,file,planned,
2026-03-07T03:09:02.214776+00:00,dry_run,1MgvE94IUF2bPJYro552rzWvgLOmalMj4,file,planned,
2026-03-07T03:09:02.214776+00:00,dry_run,1MiLFFtJH03GGatSVgVKHR6lnjOjOzgth,file,planned,
2026-03-07T03:09:02.214776+00:00,dry_run,1MlVp7vhLAiOPJdfY6yXU3JXLaG1_-lPg,file,planned,
2026-03-07T03:09:02.214776+00:00,dry_run,1Mlg1bkOki3ZhuZi1mdoMa0H3RfJk0wNI,file,planned,
2026-03-07T03:09:02.214776+00:00,dry_run,1MonZP2UamcwkEx-oGsNpYCgu02F2i2Yl,file,planned,
2026-03-07T03:09:02.214776+00:00,dry_run,1Mr2TteEsAikPJhELa3mqHX2m2GbxvC4L,file,planned,
2026-03-07T03:09:02.214776+00:00,dry_run,1MxXD23-njUcGlvzThWAErm0V4WQAFZsg,file,planned,
2026-03-07T03:09:02.214776+00:00,dry_run,1N1j-NKoba07kocU23GKkVRhS9Kim_pEC,file,planned,
2026-03-07T03:09:02.214776+00:00,dry_run,1N3ZYX2jCEYfp9zwcdL_atawWDnciWy79,file,planned,
2026-03-07T03:09:02.214776+00:00,dry_run,1N6b6AZA-VrT_j-BdtXNlvciRlTWZf-II,file,planned,
2026-03-07T03:09:02.214776+00:00,dry_run,1N8VamblXIjQGSa4xycnD5vfdY4OfFG3j,file,planned,
2026-03-07T03:09:02.214776+00:00,dry_run,1NA9HrqJ3Oge8bRH8nbClUBFeBj-RP_MW,file,planned,
2026-03-07T03:09:02.214776+00:00,dry_run,1NBENnHhNoFMtq1dWJm_LewUlLt19-MdQ,file,planned,
2026-03-07T03:09:02.214776+00:00,dry_run,1NCuD8e4UgiT-ANXS2VaQf9riRsDmMes4,file,planned,
2026-03-07T03:09:02.214776+00:00,dry_run,1NDJHO3-Dl_2SL79xVBIB4yA6lzQ1KmZI,file,planned,
2026-03-07T03:09:02.214776+00:00,dry_run,1NDtfJfEBsJov69AdtAd4wR5wONXAMkZ0,file,planned,
2026-03-07T03:09:02.214776+00:00,dry_run,1NHucLhsnCW2j3rSruYmZ-XIGnHbRD-UJ,file,planned,
2026-03-07T03:09:02.214776+00:00,dry_run,1NJVpDo3pjupHWng5Az-Q3l0A2Ol6up5_,file,planned,
2026-03-07T03:09:02.214776+00:00,dry_run,1NOq2G28TBumaDhmHBL_z8kqpgNkJKmcy,file,planned,
2026-03-07T03:09:02.214776+00:00,dry_run,1NVMhDA8XleJxwodaD3jGd8SgzPLnG3uZ,file,planned,
2026-03-07T03:09:02.214776+00:00,dry_run,1NWeuk6snf119JlUnuj6sMa0cbGgIyj-6,file,planned,
2026-03-07T03:09:02.214776+00:00,dry_run,1NX4ynZ6qZBjVQwtFalMN9Ea6-CmbZ2m_,file,planned,
2026-03-07T03:09:02.214776+00:00,dry_run,1NbKgXDK0Nzlp8u4r68LT-NMFcxxBcwCY,file,planned,
2026-03-07T03:09:02.214776+00:00,dry_run,1NdH6AmaBxdjXcftfb71LhUKOocnvCJRo,file,planned,
2026-03-07T03:09:02.214776+00:00,dry_run,1NlMImye8rWMCBCj9rNu83bMjGrvWABfo,file,planned,
2026-03-07T03:09:02.214776+00:00,dry_run,1NoH-BqHvvJ5oYCS6vZiIJt0MTdhbFb8p,file,planned,
2026-03-07T03:09:02.214776+00:00,dry_run,1Np03y9w5JSLjKoGauSUpAQc29p4W8NRj,file,planned,
2026-03-07T03:09:02.214776+00:00,dry_run,1NtrHxUcJ6X209zBm2G3Q0g1dSRcFQMbl,file,planned,
2026-03-07T03:09:02.214776+00:00,dry_run,1O-j59f3kBSQ9jHBoHZT53EhsG3jxz4fw,file,planned,
2026-03-07T03:09:02.214776+00:00,dry_run,1O0BDXsfZ4sQ6p7rbdxI45La_L9Cmsafd,file,planned,
2026-03-07T03:09:02.214776+00:00,dry_run,1O36lXWNCfpfHcj1d1t2gWOGf92e4EH7t,file,planned,
2026-03-07T03:09:02.214776+00:00,dry_run,1O45LU4ITQ7FGoRdMIU8jfjEAUCgV2BOf,file,planned,
2026-03-07T03:09:02.214776+00:00,dry_run,1O5Nrn8x2jpzE1gVZ3_5csQ6fUDWNLcMs,file,planned,
2026-03-07T03:09:02.214776+00:00,dry_run,1O9LcGlFTCAPZ27uUCM_Z8btscpbifdQh,file,planned,
2026-03-07T03:09:02.214776+00:00,dry_run,1OEdpL_V2XoXlYULe_ZlTTAIZ7lpaOV7m,file,planned,
2026-03-07T03:09:02.214776+00:00,dry_run,1OF90ndgGhLQqLnImhz3OhRVQ3mxDHrQt,file,planned,
2026-03-07T03:09:02.214776+00:00,dry_run,1OHZtNv2apFQMobUiV-LjaJ9xmvj0w2eY,file,planned,
2026-03-07T03:09:02.214776+00:00,dry_run,1OJtAUXbWzdgH-1QPfHh-atNz929T51KY,file,planned,
2026-03-07T03:09:02.214776+00:00,dry_run,1OKFZb7vS2xvGp2yGoT99zu6tWFJSO1um,file,planned,
2026-03-07T03:09:02.214776+00:00,dry_run,1OO-0ILC6A4JWwSfEn6BcJAmE7BJP889R,file,planned,
2026-03-07T03:09:02.214776+00:00,dry_run,1OOmkCZlMuJk7EegzWwyh4I3HZkxoE4Xq,file,planned,
2026-03-07T03:09:02.214776+00:00,dry_run,1ORnZLD8AQqkzWCrfYNWgCKS-FFVwlbms,file,planned,
2026-03-07T03:09:02.214776+00:00,dry_run,1O_I-bzLs3pGYujoFbyJU7gom4ZCH_VV2,file,planned,
2026-03-07T03:09:02.214776+00:00,dry_run,1OaSQ-VsJBfxF2nQqBUkqYBV4B-3hGOn6,file,planned,
2026-03-07T03:09:02.214776+00:00,dry_run,1OpIRjj0Bv4rAuRbI6ZFj45Ohrm4NVCTZ,file,planned,
2026-03-07T03:09:02.214776+00:00,dry_run,1P-xMZHkQmwyKhz7SqthXo0wizCbGT_24,file,planned,
2026-03-07T03:09:02.214776+00:00,dry_run,1P0TZn3Hz9Q7Jm_pH-xaO5dBhZ1NDDfBZ,file,planned,
2026-03-07T03:09:02.214776+00:00,dry_run,1PFWAGH8TjCp3GyszIeWjyrDP_LqJGrUx,file,planned,
2026-03-07T03:09:02.214776+00:00,dry_run,1PFoqDnhb9zaKyTLS1a4lJk0rliQpyA6y,file,planned,
2026-03-07T03:09:02.214776+00:00,dry_run,1PKAYtOuUQQo_Nq4lMpue1jBrPnWYHx6a,file,planned,
2026-03-07T03:09:02.214776+00:00,dry_run,1PMao23GrZUr1nFwcu84yxIjiQ2Vc1xOW,file,planned,
2026-03-07T03:09:02.214776+00:00,dry_run,1PNnmdc8NBdaPGCaJjivm_nyGzUZImrh1,file,planned,
2026-03-07T03:09:02.214776+00:00,dry_run,1PRZD76aTwGagYI1EJvAR9BphPZnSgEji,file,planned,
2026-03-07T03:09:02.214776+00:00,dry_run,1PTHtr4qKnXF_VsH115mW9Un7wCz1Xfoh,file,planned,
2026-03-07T03:09:02.214776+00:00,dry_run,1PYbIFyZfNIcmXGvdL447dVPYz7qBlivs,file,planned,
2026-03-07T03:09:02.214776+00:00,dry_run,1P_WJDpdLeZOYKLO6hmiPns034eywtvQW,file,planned,
2026-03-07T03:09:02.214776+00:00,dry_run,1PbP-rECom3jVQdTps72-gOogAYJGGHE0,file,planned,
2026-03-07T03:09:02.214776+00:00,dry_run,1PfeHOOOBuJh9q51bDMGDhX3pDrp1gbFi,file,planned,
2026-03-07T03:09:02.214776+00:00,dry_run,1PlG_nq-acaPtxGReQFJYifnXEdsYO-MJ,file,planned,
2026-03-07T03:09:02.214776+00:00,dry_run,1PluqnycBP6RGplfGKBkpM3ipChKMwOzh,file,planned,
2026-03-07T03:09:02.214776+00:00,dry_run,1PpkcNDwIKdS53oYvDmoT6NKu6aMFbBwT,file,planned,
2026-03-07T03:09:02.214776+00:00,dry_run,1PtRGRV6Z0WTs_DigXo5voQcMt-4SmsL5,file,planned,
2026-03-07T03:09:02.214776+00:00,dry_run,1PvvA5dasGa0iYvaL8E62eivjfWW73iNo,file,planned,
2026-03-07T03:09:02.214776+00:00,dry_run,1PwXlgUFtCrw4XYxHZjpEHdkAF6jVcPRR,file,planned,
2026-03-07T03:09:02.214776+00:00,dry_run,1Q-4pe6GyJrnpDZ4eijB385TH9EAExJpP,file,planned,
2026-03-07T03:09:02.214776+00:00,dry_run,1Q9LkBuzw4T6znB75nRAM5hReq9mxUjfa,file,planned,
2026-03-07T03:09:02.214776+00:00,dry_run,1Q9rjRr-l4FNxgYckxLUf_ZoEIfyTVZ1P,file,planned,
2026-03-07T03:09:02.214776+00:00,dry_run,1QAcmVDklx-OuOhblhEPOi_V09w8awel1,file,planned,
2026-03-07T03:09:02.214776+00:00,dry_run,1QGhKubopLbIpudos7DJiQVqOBFTHuq2U,file,planned,
2026-03-07T03:09:02.214776+00:00,dry_run,1QLGv1ctztmGoIoTL6HbTGXQYfANKY7Aw,file,planned,
2026-03-07T03:09:02.214776+00:00,dry_run,1QLOfPsqqIQpVdpjI58GEgd6GpEdDEnTE,file,planned,
2026-03-07T03:09:02.214776+00:00,dry_run,1QMQ9F3YAnwc-cLFnxigU8aH0q2F3Zvxx,file,planned,
2026-03-07T03:09:02.214776+00:00,dry_run,1QNH77T0sixHC4B59JMV4_QYWRQIKSGiJ,file,planned,
2026-03-07T03:09:02.214776+00:00,dry_run,1QOQh5MQlNd7WZzWBiaolSpj_mo4G_krM,file,planned,
2026-03-07T03:09:02.214776+00:00,dry_run,1QSFqz4txqfNSUBjil6lkJv2_ZEQ2wrJ-,file,planned,
2026-03-07T03:09:02.214776+00:00,dry_run,1QTgnoBNkvg1nnuo-zv0fvah49MUdcsKD,file,planned,
2026-03-07T03:09:02.214776+00:00,dry_run,1QUQ9XzMhEmZpU7N-n34VvlSd-ZlwBlCP,file,planned,
2026-03-07T03:09:02.214776+00:00,dry_run,1Q_G5ZhR4p3T4PAqyth9CJW2MwbonZLIw,file,planned,
2026-03-07T03:09:02.214776+00:00,dry_run,1QcQXAry3C-5Vi9BouPPK-N7gtzhc7ag5,file,planned,
2026-03-07T03:09:02.214776+00:00,dry_run,1Qg7cL9xFyYmfpFMMwbaodjLQjjvEmDdo,file,planned,
2026-03-07T03:09:02.214776+00:00,dry_run,1Qj9XDxuKRuEn3fhn5GjifR0neiM5uXPR,file,planned,
2026-03-07T03:09:02.214776+00:00,dry_run,1Qm6j7eCE7Y4azphVGlnA64eAJ6_ltDn3,file,planned,
2026-03-07T03:09:02.214776+00:00,dry_run,1Qo4_Ofk4sFZ5aD9C8Oh-arDR4ji-kyDr,file,planned,
2026-03-07T03:09:02.214776+00:00,dry_run,1R-llpFOLqw4Z87cQIBOnfNClnY3hXxhO,file,planned,
2026-03-07T03:09:02.214776+00:00,dry_run,1R0l-i_kb6LEvcqTAJ8zonCXXH0Z_hczF,file,planned,
2026-03-07T03:09:02.214776+00:00,dry_run,1R3z9mVXbxniDWZLHro7YwUDA2-h9QXoa,file,planned,
2026-03-07T03:09:02.214776+00:00,dry_run,1RDmujPiWQYXbMfzxtdxW1uhDB4yeI2mB,file,planned,
2026-03-07T03:09:02.214776+00:00,dry_run,1RIORR2qx-Msvdlk8DK1Yr6htqagvwsKA,file,planned,
2026-03-07T03:09:02.214776+00:00,dry_run,1ROepa5S2exefQwPWFy6Dq3sleiN9bTj9,file,planned,
2026-03-07T03:09:02.214776+00:00,dry_run,1RPmdP5UeL-wL5KyrSePfzbMb3ijEPdXG,file,planned,
2026-03-07T03:09:02.214776+00:00,dry_run,1RSA_ZwHOYGR8fp7t-HiLR-mS6zdJ_Azx,file,planned,
2026-03-07T03:09:02.214776+00:00,dry_run,1RT3JYv3DaFWTw_ShDmSFDq5GMKbsPNHK,file,planned,
2026-03-07T03:09:02.214776+00:00,dry_run,1RU38Io_THWGfBtF-UA9Lf-ziGhbOcNe6,file,planned,
2026-03-07T03:09:02.214776+00:00,dry_run,1RUcF_xO-DVxcreXKI_PESMo3-ltZKPn1,file,planned,
2026-03-07T03:09:02.214776+00:00,dry_run,1RWO1ow9JlZxdjLPswHztmJ2WoKCxmbbc,file,planned,
2026-03-07T03:09:02.214776+00:00,dry_run,1RWTRjngVqtEI_2-86MsUH31xevfXK02C,file,planned,
2026-03-07T03:09:02.214776+00:00,dry_run,1RZB6AeSAlMHVsFuJwp-gOHa7GFab5J_k,file,planned,
2026-03-07T03:09:02.214776+00:00,dry_run,1RaZYojE4J15QZpIK_HIQqA16p4P1G121,file,planned,
2026-03-07T03:09:02.214776+00:00,dry_run,1RfcrZn4yL-FLtMqK4GA1NGA0kdNp_WKT,file,planned,
2026-03-07T03:09:02.214776+00:00,dry_run,1Rjb7mHo9fKxKcx-TtNcXTgtvv5HIR7xV,file,planned,
2026-03-07T03:09:02.214776+00:00,dry_run,1Ro63OhiFCV7E6a_px4H33-2wAJPQ3ujy,file,planned,
2026-03-07T03:09:02.214776+00:00,dry_run,1RoZcElaG2iLkQOt-alLk0ansP6L4trEn,file,planned,
2026-03-07T03:09:02.214776+00:00,dry_run,1RqJHQ7qdK-YrLmk7mKLhlCq5z7b00BeA,file,planned,
2026-03-07T03:09:02.214776+00:00,dry_run,1Ru2xBZ1JjNNu3azHy3dVIAdPbcmjFJ5u,file,planned,
2026-03-07T03:09:02.214776+00:00,dry_run,1RvHqQ0-zMKQ1dHmuSNxvl4u__M9rHPkt,file,planned,
2026-03-07T03:09:02.214776+00:00,dry_run,1RwOQ1MwDIWwLYCDNDRVvZ6wuo2mOPxuN,file,planned,
2026-03-07T03:09:02.214776+00:00,dry_run,1S9SXyyqDEEoW995hF7wkIb-2yqn72cm3,file,planned,
2026-03-07T03:09:02.214776+00:00,dry_run,1SBsPCwNsGtdYl2bnICOMJ9gbmGQQsxwd,file,planned,
2026-03-07T03:09:02.214776+00:00,dry_run,1SHGqpIXpIbYk2YPZYrzKdNuLc-iRq2hL,file,planned,
2026-03-07T03:09:02.214776+00:00,dry_run,1SLVo-SPbiFM1UrUjQbBYvfklHgUDCFQE,file,planned,
2026-03-07T03:09:02.214776+00:00,dry_run,1SQGbS19R0HtYe0iy-emtiMsksydtUlmh,file,planned,
2026-03-07T03:09:02.214776+00:00,dry_run,1SYRuQS61XUHZt7D-dyT2ke6eJ_Lhmtrx,file,planned,
2026-03-07T03:09:02.214776+00:00,dry_run,1Sfn6K1-Imc5oJaACfGLGnJZNAxdzqg-I,file,planned,
2026-03-07T03:09:02.214776+00:00,dry_run,1ShDmaBcbPQnLkJI57ZqBlXJRXa6IolUl,file,planned,
2026-03-07T03:09:02.214776+00:00,dry_run,1SiAK6fTJlnPGF9ZUFjuIPfdPufNIakWh,file,planned,
2026-03-07T03:09:02.214776+00:00,dry_run,1SiHCJfhfyo6x_6EspXqg3LCcIo8U_pST,file,planned,
2026-03-07T03:09:02.214776+00:00,dry_run,1SjIrOQ8B0XkS0Dju7Zw2JtxQkO16sN0n,file,planned,
2026-03-07T03:09:02.214776+00:00,dry_run,1Sl2EfMTv8kbwnnOXwUtKD2xGtI-2d06L,file,planned,
2026-03-07T03:09:02.214776+00:00,dry_run,1Ste0Z8TXbORY52oMBoXkA1pzR7sjkpzu,file,planned,
2026-03-07T03:09:02.214776+00:00,dry_run,1SvNDfSRlOPrHw7X5mXaz1BsII4CNZfMW,file,planned,
2026-03-07T03:09:02.214776+00:00,dry_run,1Sw2fJMdYMFeIA4RnjFrY_Ot1_bkOpMCx,file,planned,
2026-03-07T03:09:02.214776+00:00,dry_run,1SxJdIXq-IDRlwt66YmEgoBM1-v4nCcGX,file,planned,
2026-03-07T03:09:02.214776+00:00,dry_run,1T21lxR7SRZ7vs1lyLnJaZ7LZLKIax1mI,file,planned,
2026-03-07T03:09:02.214776+00:00,dry_run,1T3KfnEpvfntIFORMU63aI2eDcD33r_hJ,file,planned,
2026-03-07T03:09:02.214776+00:00,dry_run,1T5-2SKvE7aN-8cQRfHNMNg_KsVWnqG4U,file,planned,
2026-03-07T03:09:02.214776+00:00,dry_run,1T79pQytvfgrzaPcgwQHnh2H9nZRXHmxH,file,planned,
2026-03-07T03:09:02.214776+00:00,dry_run,1T7ZvbI8EwnIrpBF-KjoYtNBmHHu7vucq,file,planned,
2026-03-07T03:09:02.214776+00:00,dry_run,1TCGEYBKnlvXdhh2dD06DlWscVccPXmcY,file,planned,
2026-03-07T03:09:02.214776+00:00,dry_run,1TNSPlBR972IW982xstLtwbWUbVOwFj2y,file,planned,
2026-03-07T03:09:02.214776+00:00,dry_run,1TObG9egQyD8vG535nB6TbH0lX3xMv_SL,file,planned,
2026-03-07T03:09:02.214776+00:00,dry_run,1TQ2DtLBYMlgE9DiHzmiGH_HGYqE4gFxm,file,planned,
2026-03-07T03:09:02.214776+00:00,dry_run,1TQya5wCEXPs9kcw2EX56A4dv9uiMKJ4I,file,planned,
2026-03-07T03:09:02.214776+00:00,dry_run,1TRf3ZZn_yILnfk1DHJB7pL-nbTXEdC_V,file,planned,
2026-03-07T03:09:02.214776+00:00,dry_run,1TSZm3IdK_f1FV2a72sgGPShUUtPgA9W8,file,planned,
2026-03-07T03:09:02.214776+00:00,dry_run,1T_r-RbI5_B_iIf1-LXMxgo69e6z0E9u7,file,planned,
2026-03-07T03:09:02.214776+00:00,dry_run,1Tdz-_Ed99E2fsf0FXbmuloG-bnN7ck7-,file,planned,
2026-03-07T03:09:02.214776+00:00,dry_run,1Tghf8YvtVyhgUpgiHrEvyvVja6Ux2pBT,file,planned,
2026-03-07T03:09:02.214776+00:00,dry_run,1TiNd7YB7Pt1C1oe2UescQnzsYtgkFbIz,file,planned,
2026-03-07T03:09:02.214776+00:00,dry_run,1ToQWGO6w6OIzZpNKIEKo2CExrxScHuft,file,planned,
2026-03-07T03:09:02.214776+00:00,dry_run,1TsUE4Oz9VmcSmNGpBQSRjcR8-riBWFOT,file,planned,
2026-03-07T03:09:02.214776+00:00,dry_run,1TtI149heH4MihOtoTZ8fcWgbp-IKtWDl,file,planned,
2026-03-07T03:09:02.214776+00:00,dry_run,1UAH5tXVIMxLIbrd-GR6v0Hzlk8FHHcGd,file,planned,
2026-03-07T03:09:02.214776+00:00,dry_run,1UVGJy2Ek-SOlVzW4xg3f7Pdcu8DBz03V,file,planned,
2026-03-07T03:09:02.214776+00:00,dry_run,1Uaqg1NAzBRPU7eEbcX0Mjhdw5r6OqQ-X,file,planned,
2026-03-07T03:09:02.214776+00:00,dry_run,1Ug5yg84Gd-sfUql2bK1xDOf0JAvSABW0,file,planned,
2026-03-07T03:09:02.214776+00:00,dry_run,1V5sqXtvcaqPb6rUo0MRDkx33X1xi8W0V,file,planned,
2026-03-07T03:09:02.214776+00:00,dry_run,1VN60xz94p089vUt7D5AfB3DzQ8uzm_Hp,file,planned,
2026-03-07T03:09:02.214776+00:00,dry_run,1VNdDfbWFsV6EaNbKM3-sj9xo3QGRAEYC,file,planned,
2026-03-07T03:09:02.214776+00:00,dry_run,1VXjL6pXZ1T0haobZt2EiiphXABrFfvvS,file,planned,
2026-03-07T03:09:02.214776+00:00,dry_run,1W0HaUN-zLGnmqMlE2r_dhUJr1IJRg5oi,file,planned,
2026-03-07T03:09:02.214776+00:00,dry_run,1W4qf8FgX29EgFo1QzXZpKdC4mC0PDVvP,file,planned,
2026-03-07T03:09:02.214776+00:00,dry_run,1W67MJ1gMUBIze5hQGg-Ua2v75EO31YvL,file,planned,
2026-03-07T03:09:02.214776+00:00,dry_run,1WGcWQBiG-X_NwjPkQN9GlhISs7qqxGjU,file,planned,
2026-03-07T03:09:02.214776+00:00,dry_run,1WOcgwZ5ibz6vf18dtILKk6ImYHzxegER,file,planned,
2026-03-07T03:09:02.214776+00:00,dry_run,1WW6WADTszdzr5-J2-1IoRf7FiTwk8Hum,file,planned,
2026-03-07T03:09:02.214776+00:00,dry_run,1WZY8VIwoLreJ3ZskOkowBGy52e7UWJ1G,file,planned,
2026-03-07T03:09:02.214776+00:00,dry_run,1Wja03BaOSGQfxIPlmyye7TTfv9LcHIkx,file,planned,
2026-03-07T03:09:02.214776+00:00,dry_run,1WnYJdHV3BQHo_J3BWBG2WJ_00p6gYaKH,file,planned,
2026-03-07T03:09:02.214776+00:00,dry_run,1WpRf12SQOnjSw9ydzT0Oyfg_oKQesQnw,file,planned,
2026-03-07T03:09:02.214776+00:00,dry_run,1WqKXQLtkOX8ct48KstaelaFyy4PJ0DLV,file,planned,
2026-03-07T03:09:02.214776+00:00,dry_run,1WySdjvFbAKQG8YUg3ypeE59Fka4GpfyM,file,planned,
2026-03-07T03:09:02.214776+00:00,dry_run,1X7XrLSIFVizdPJKJsIV4jEwZ3HV8pEM8,file,planned,
2026-03-07T03:09:02.214776+00:00,dry_run,1XCEtWppHknweJALDn61hq8tn1MVy5aGY,file,planned,
2026-03-07T03:09:02.214776+00:00,dry_run,1XDI6MIB21CGDZ-raZQcWe5uJhqvA4zNn,file,planned,
2026-03-07T03:09:02.214776+00:00,dry_run,1XDzgsvWy5MBvvf_oOCkBaLzBUGgnOZcm,file,planned,
2026-03-07T03:09:02.214776+00:00,dry_run,1XMiVYkKOF2e_L-UW5B4E4M3Z0_yhaIxa,file,planned,
2026-03-07T03:09:02.214776+00:00,dry_run,1XNeOKJaC7ypiX9hnPtSOedotV552Mfh-,file,planned,
2026-03-07T03:09:02.214776+00:00,dry_run,1XeJqKy-smT4M4GgWd53goNLfjtSa3-En,file,planned,
2026-03-07T03:09:02.214776+00:00,dry_run,1XqO6gOs6zwFzdcz3kxkwTa1naUZLppxA,file,planned,
2026-03-07T03:09:02.214776+00:00,dry_run,1Y-SW8ig1qCNXhf0jIyvgifZxEMDNy_pX,file,planned,
2026-03-07T03:09:02.214776+00:00,dry_run,1Y2gPlUTxAdvVcaBmhVXhRVRLhPjrZVlS,file,planned,
2026-03-07T03:09:02.214776+00:00,dry_run,1Y2nIsBq4V6DT7IeF8IqtN2i5j76-CKD_,file,planned,
2026-03-07T03:09:02.214776+00:00,dry_run,1Y5VY5gDNYEzNEz58ixERWOVocWZ3uhT-,file,planned,
2026-03-07T03:09:02.214776+00:00,dry_run,1YIJCMWnGX3meQo9DccJkaLJKrd8ULNRr,file,planned,
2026-03-07T03:09:02.214776+00:00,dry_run,1YM7WDytoXsA7-UGwtJbgcJNmUyCqe5WA,file,planned,
2026-03-07T03:09:02.214776+00:00,dry_run,1YPIZz5ZkPTMXWAzqjyR05vI8M4ZBKJ2q,file,planned,
2026-03-07T03:09:02.214776+00:00,dry_run,1YQ4iYdBTX6_IMnXA9yHmUpndhXjoEGgt,file,planned,
2026-03-07T03:09:02.214776+00:00,dry_run,1Yf9kqGvZM6Zu4YaGkFb80frTHbNdF_kI,file,planned,
2026-03-07T03:09:02.214776+00:00,dry_run,1YhulVofUqzo5FOOh13TcM6JGW6cre4JW,file,planned,
2026-03-07T03:09:02.214776+00:00,dry_run,1Yo0nj2nuMN_UBAQLgL30f4YXp9Wz-PUt,file,planned,
2026-03-07T03:09:02.214776+00:00,dry_run,1Z-fTWf-mBmSymFRRWl9yETvQ6LZdKY03,file,planned,
2026-03-07T03:09:02.214776+00:00,dry_run,1Z5hko_RlcCSJrIZIiM-rPQBtapASR5ZA,file,planned,
2026-03-07T03:09:02.214776+00:00,dry_run,1Z8CFZkxBPVhhk1Gao0ebbRQLChczYuEr,file,planned,
2026-03-07T03:09:02.214776+00:00,dry_run,1ZA3XZmIoqNMGAJxK4Bcp6HYyGb-zhf_0,file,planned,
2026-03-07T03:09:02.214776+00:00,dry_run,1ZHrwbc01FmgHhopcHAdc-UgzAR-udtrQ,file,planned,
2026-03-07T03:09:02.214776+00:00,dry_run,1ZV_4cf8Lp9yhVvlnVyxOp5xlda4a6Wec,file,planned,
2026-03-07T03:09:02.214776+00:00,dry_run,1ZiT9zOW1VHOXsouQuPrx9BqgJaZ277d-,file,planned,
2026-03-07T03:09:02.214776+00:00,dry_run,1Zzxo8ZOLgsNkcHWpyFpY0PHntSuJegeR,file,planned,
2026-03-07T03:09:02.214776+00:00,dry_run,1_8SjQgSO_WL3fs9-soqeEbLNA43RvGkh,file,planned,
2026-03-07T03:09:02.214776+00:00,dry_run,1_AQg-Y48Bm2RFELrnDxpZTUAveaXM5R9,file,planned,
2026-03-07T03:09:02.214776+00:00,dry_run,1_EW4sAdhOj2SN4XGrqsTaG_VI0PJPD3V,file,planned,
2026-03-07T03:09:02.214776+00:00,dry_run,1_JwiZfwHP3cwaYpQU_RV2YfElBvke09C,file,planned,
2026-03-07T03:09:02.214776+00:00,dry_run,1_M3Dcy6GhJ9ylJredKBuskQE0_pOT-gt,file,planned,
2026-03-07T03:09:02.214776+00:00,dry_run,1_OQRLHVQhwGLEU-AStOZf23vpcUbHe9K,file,planned,
2026-03-07T03:09:02.214776+00:00,dry_run,1_P2BocgVIP_Qg_tKgB8Ev1ExLPTMIaWJ,file,planned,
2026-03-07T03:09:02.214776+00:00,dry_run,1_bpejd0ohciCzvKia43wMUc9Qm4Sc7_d,file,planned,
2026-03-07T03:09:02.214776+00:00,dry_run,1_dm2OppM4eqZEp0VvXeyGRtHkc1729Vh,file,planned,
2026-03-07T03:09:02.214776+00:00,dry_run,1_fMtdVpipSyHm-FR7T7lwtwNJ5raImzW,file,planned,
2026-03-07T03:09:02.214776+00:00,dry_run,1_jvBRztBzWXhi6rRXgX-juywbA3sDQEX,file,planned,
2026-03-07T03:09:02.214776+00:00,dry_run,1_pm2oaQnu5IpTolGvxqCjPFxHcQzf-G7,file,planned,
2026-03-07T03:09:02.214776+00:00,dry_run,1_uHOZ-OELvrQqrZJCCzy9qmhUaeqeJ4f,file,planned,
2026-03-07T03:09:02.214776+00:00,dry_run,1_z0PO0QrVOu87Plc40b5mbOY1i2p4yzk,file,planned,
2026-03-07T03:09:02.214776+00:00,dry_run,1aC1ZfHFVvCzIDMgwtSwHDFky8oQYnjY7,file,planned,
